Stock,Modèle,AvecTopic,RMSE,MAE,R2,MAPE%
AAPL,CNN,False,5.317355898997212,4.499011993408203,-0.7400625133340923,2.932544574725288
AAPL,CNN,True,4.488432355499598,3.6941177368164064,-0.2398317712484872,2.399552392914324
AAPL,CNN-LSTM,False,3.5032603461748075,2.7669166564941405,0.24470220130452525,1.7894444579957967
AAPL,CNN-LSTM,True,3.3977366168952057,2.629552459716797,0.28951843537324284,1.7048465736155185
AAPL,LSTM,False,4.211903966682743,3.5021392822265627,-0.09176788070505548,2.2808511113607217
AAPL,LSTM,True,3.3449360413840497,2.6410430908203124,0.3114285235206806,1.719290658124181
AMD,CNN,False,5.7158518948169545,5.032942581176758,0.15136044429031126,6.828531085339162
AMD,CNN,True,6.0856631418772835,4.825546646118164,0.037995385987906194,6.394922075517581
AMD,CNN-LSTM,False,5.347268231217029,4.318825531005859,0.25727973088918765,6.053835333630207
AMD,CNN-LSTM,True,5.38864908563599,4.16742172241211,0.24573988661744295,5.8318300921041955
AMD,LSTM,False,4.191806383404829,3.658173751831055,0.5435809467391239,4.985197349992537
AMD,LSTM,True,5.511872779373657,4.526327514648438,0.21084973555288455,6.326906386336992
AMZN,CNN,False,6.5991602576623505,5.243022155761721,-0.03405076503587545,4.282210675895551
AMZN,CNN,True,5.544626724842032,4.515139389038087,0.27002306529234865,3.6029303261198846
AMZN,CNN-LSTM,False,4.997474127665056,4.3168083190918,0.4069850818347349,3.4988986870012964
AMZN,CNN-LSTM,True,4.509175545685978,3.8808017730712927,0.5172094107148142,3.0798667895697416
AMZN,LSTM,False,3.767954018980085,3.2397922515869175,0.6628868460607673,2.58369715295283
AMZN,LSTM,True,5.114495938884773,4.006589126586916,0.37888761928686776,3.165756671401332
BA,CNN,False,4.8208250098309415,4.2535343170166025,0.7907403595927274,2.9311001961679035
BA,CNN,True,5.473337319704238,3.66562843322754,0.7302588724135315,2.6708424571460325
BA,CNN-LSTM,False,4.857556898900232,4.1425415039062505,0.7875393368530952,2.9412029012462693
BA,CNN-LSTM,True,4.133105656000799,3.5526863098144537,0.8461860395069558,2.4658380654410244
BA,LSTM,False,5.70923798572367,4.5722591400146495,0.7065061311307903,3.2852818400455135
BA,LSTM,True,7.582760976694651,6.327757644653321,0.4822769837684673,4.536701693840408
BX,CNN,False,4.820973230877039,3.8951759338378915,0.23777154842023052,4.23281118951747
BX,CNN,True,6.734463364392186,5.722035217285155,-0.4873792036349849,6.1968424269619335
BX,CNN-LSTM,False,5.718726607099108,4.967906188964843,-0.07254219138965645,5.550495243408391
BX,CNN-LSTM,True,4.4446523540853935,3.7154483795166025,0.352124867462687,4.161339324484984
BX,LSTM,False,3.500512597155998,3.0674095153808603,0.5981360901547781,3.438361441380908
BX,LSTM,True,5.183035429787001,4.21628875732422,0.11898344202610078,4.821011734115914
COST,CNN,False,17.28282597612776,13.655802917480463,0.3072115892763221,2.656046931040705
COST,CNN,True,19.885654048310343,15.174520874023443,0.08282784879969152,2.9490000822179017
COST,CNN-LSTM,False,12.157148822835321,10.216975402832025,0.6572049307611296,2.0080537355184678
COST,CNN-LSTM,True,11.412529541346947,9.342732238769532,0.697910987534512,1.8374418446883374
COST,LSTM,False,12.111349534673424,9.976782226562495,0.6597828703309228,1.9575962099311135
COST,LSTM,True,13.075996705798547,11.002459716796869,0.6034292259071838,2.189693800294389
CRM,CNN,False,20.952206965389784,18.448549652099608,-15.128183540148754,12.116383222460666
CRM,CNN,True,18.942016612343906,16.338516998291016,-12.181909711265192,10.817104162194752
CRM,CNN-LSTM,False,15.75640484905025,11.803890228271486,-8.120951966818161,7.884993489155219
CRM,CNN-LSTM,True,24.855266405886525,17.66419677734375,-21.696701767953908,11.82909064302908
CRM,LSTM,False,9.582625630507517,7.704898834228517,-2.373610577352131,5.1274958837025
CRM,LSTM,True,20.00421381894616,14.68072052001953,-13.701744882058986,9.797259898346502
DIS,CNN,False,8.47456936362952,7.854525375366211,-0.8350672343442205,7.258890309770527
DIS,CNN,True,8.10354833400441,6.951431655883789,-0.6779041843632168,6.331210752792934
DIS,CNN-LSTM,False,4.014393592042333,3.0565464019775406,0.5882281961682347,2.7735647092875064
DIS,CNN-LSTM,True,4.4337491998464005,3.622388076782228,0.4977048906422771,3.2816870073907456
DIS,LSTM,False,2.7287946340831493,2.4499900817871065,0.8097352178314193,2.2999681313895177
DIS,LSTM,True,2.937487883011069,2.4338161468505817,0.7795201670859333,2.2428774375305083
ENPH,CNN,False,19.43517091044677,16.147126770019533,-0.571730203424649,5.435362915691446
ENPH,CNN,True,20.177301612192156,14.773471069335931,-0.6940547515901032,4.889199877698658
ENPH,CNN-LSTM,False,13.493018217122357,10.863908386230468,0.24243572851127404,3.6666471294624214
ENPH,CNN-LSTM,True,14.294209169671861,10.3696792602539,0.14979914661848392,3.423997341107922
ENPH,LSTM,False,27.441454382473253,19.77202911376953,-2.133397703236756,6.505827150486773
ENPH,LSTM,True,11.156349391953217,8.315745544433582,0.4821005085146838,2.7624693071873967
F,CNN,False,0.9790983804430052,0.9172379970550537,0.5081011920521961,6.8099938844532915
F,CNN,True,1.0110935245477213,0.9433073997497559,0.4754272050673738,6.736393460175092
F,CNN-LSTM,False,0.6367259328761168,0.5602183341979982,0.7919689397601584,3.980468847727651
F,CNN-LSTM,True,0.7281674386347547,0.6443730831146242,0.7279268935961585,4.588153790224579
F,LSTM,False,0.726252681942847,0.6132463932037354,0.7293558749955033,4.270150616135675
F,LSTM,True,0.5301296177300995,0.4159871101379397,0.855792700998848,2.9796016630760414
GOOG,CNN,False,13.540680138114729,11.275082778930662,-7.4465479700674475,11.115753604231553
GOOG,CNN,True,10.221795497240558,8.017058563232421,-3.8134079448450082,7.943202493966014
GOOG,CNN-LSTM,False,16.102567942444615,12.334082412719724,-10.945066587558047,12.238274022814373
GOOG,CNN-LSTM,True,16.724642672008823,12.303920745849606,-11.885817905630814,12.245313587340583
GOOG,LSTM,False,11.292245225228841,8.456535339355465,-4.87433752180405,8.402858560458034
GOOG,LSTM,True,11.914242308095483,8.771389007568356,-5.539298337472073,8.72205546182229
INTC,CNN,False,1.4274696969150313,1.2311759948730479,0.23322191209954501,4.378216150533531
INTC,CNN,True,4.32091462622645,3.8352059364318847,-6.0256622766202295,13.672208351956435
INTC,CNN-LSTM,False,1.1425919185941826,0.9775636672973645,0.5087323186171198,3.50728926824874
INTC,CNN-LSTM,True,1.376707981480177,1.2402012825012212,0.2867864936541933,4.377584283217496
INTC,LSTM,False,2.6037058389230747,2.362667179107666,-1.5510544743073962,8.43138173774595
INTC,LSTM,True,4.179004184785622,3.3915074348449705,-5.571757213718291,12.222484759911067
KO,CNN,False,1.0781557294540687,0.9478988647460955,0.5935511628775559,1.6149484496655306
KO,CNN,True,1.207810574254467,1.0380607604980487,0.48991735186688745,1.7675290972587125
KO,CNN-LSTM,False,0.9061685852526014,0.7437017440795923,0.7128816831958669,1.2683465342987912
KO,CNN-LSTM,True,1.3021637360301883,1.1168436050415078,0.407110050881608,1.9055858616172348
KO,LSTM,False,0.7978814031491762,0.6272130966186527,0.7774028597479283,1.0584436260588157
KO,LSTM,True,0.7630196690971158,0.5804943084716807,0.7964297257442368,0.9824934878514822
META,CNN,False,18.280287724161624,15.444223785400391,-1.8797034556784156,10.728474588578354
META,CNN,True,17.603843619450643,15.099195861816407,-1.6705254263205953,10.443584816241017
META,CNN-LSTM,False,6.339154549150537,5.7399147033691404,0.6537064572068285,3.8781568265098723
META,CNN-LSTM,True,15.317576798287085,13.423725128173828,-1.0219101215308082,9.281093415393904
META,LSTM,False,10.890615505843936,8.775714111328124,-0.022083940377566558,6.121809999444419
META,LSTM,True,12.104185452169363,10.292516326904297,-0.2625623997048643,7.148964720415216
MSFT,CNN,False,14.391135228544412,12.805078887939459,-1.308653917092403,5.250281783575025
MSFT,CNN,True,13.503107274303712,11.841126251220707,-1.0325262426925872,4.869397421780512
MSFT,CNN-LSTM,False,20.30290676711676,16.944345855712893,-3.5949963047947735,6.993845188851687
MSFT,CNN-LSTM,True,13.65317511611827,11.98359756469727,-1.0779545629533125,4.930052307597312
MSFT,LSTM,False,14.628810531526046,12.302069091796879,-1.3855402908464485,5.071682907433617
MSFT,LSTM,True,10.235131339624933,8.585899353027347,-0.16776529937799278,3.533617346216491
NFLX,CNN,False,15.35989261072685,11.96206283569336,-2.6377226065636163,5.1136824215696945
NFLX,CNN,True,15.67748252357802,11.670054626464847,-2.789709068699689,4.9647425839699295
NFLX,CNN-LSTM,False,11.30532844656924,9.291852569580081,-0.9706957893096568,3.958051909649384
NFLX,CNN-LSTM,True,10.405130312786468,8.550672912597658,-0.669353329407969,3.6985965872034683
NFLX,LSTM,False,9.293378825009695,6.672322082519534,-0.3316819142607499,2.854137989089214
NFLX,LSTM,True,8.790278597062256,6.354483032226563,-0.19140248004326987,2.74213828567025
NIO,CNN,False,1.9266295409283387,1.4316693305969241,-0.06230835123302647,7.487253811078998
NIO,CNN,True,1.8493877666441065,1.4783574104309085,0.02116356490445981,7.723577311604964
NIO,CNN-LSTM,False,1.2192255721193663,0.9756337165832523,0.5745757012681427,5.059859125202893
NIO,CNN-LSTM,True,1.1937795050195463,0.9201553344726566,0.5921481817402088,4.740776731789092
NIO,LSTM,False,1.2631993222100404,1.0900892257690429,0.5433347832389533,5.781823329167836
NIO,LSTM,True,1.2552042923825761,1.119300365447998,0.5490971326359021,6.070995768248086
NOC,CNN,False,11.495438667027898,9.949528503417975,-1.3013794808927903,2.063224368680113
NOC,CNN,True,13.064283257765364,11.398461914062505,-1.9724072751454442,2.3529212796549714
NOC,CNN-LSTM,False,10.19120855803808,9.242558288574225,-0.8087915393721357,1.9127211829605306
NOC,CNN-LSTM,True,7.373715339398807,6.424040222167974,0.05308744503582474,1.3398266616744532
NOC,LSTM,False,8.036182124145588,7.061833190917975,-0.12469996220584867,1.4694247851025373
NOC,LSTM,True,8.277711536584924,7.268539428710943,-0.19332218654735156,1.5039551452255755
PG,CNN,False,2.8123284473771153,2.3118953704833984,0.02772032431079785,1.7127391120181978
PG,CNN,True,3.0323120857916055,2.2687763214111327,-0.13033433904646552,1.6920242259076808
PG,CNN-LSTM,False,2.4477244634906663,1.8932628631591797,0.26348061057181926,1.40645220867839
PG,CNN-LSTM,True,3.219765676553646,2.4996883392333986,-0.27440556864002397,1.869138160575037
PG,LSTM,False,2.0111799065209643,1.5319095611572267,0.5027658246341944,1.1415809559337373
PG,LSTM,True,2.962822436024819,2.4070514678955077,-0.07912157891006855,1.7980065585539
PYPL,CNN,False,10.642081877602928,9.297139358520507,-6.428829665494899,9.944035284658735
PYPL,CNN,True,5.6636451781487,4.823200607299808,-1.1040656362340284,5.20955932858313
PYPL,CNN-LSTM,False,3.369868282930568,2.6087394714355496,0.25510842753177154,2.782034176154986
PYPL,CNN-LSTM,True,4.869848054939808,4.0685783386230465,-0.5556003440081254,4.332044975630862
PYPL,LSTM,False,3.9679013734586266,3.243371963500978,-0.03273511986868405,3.455446663487004
PYPL,LSTM,True,5.381238776623793,4.668465805053712,-0.8994669207032175,5.000645710672922
TSLA,CNN,False,15.305752598672193,12.368388366699216,-0.3599285306625868,4.312396941363648
TSLA,CNN,True,15.57937853098055,13.149682617187498,-0.40898693414705223,4.550908748094869
TSLA,CNN-LSTM,False,10.358078999411664,9.308184814453123,0.377176278965342,3.2125379834350722
TSLA,CNN-LSTM,True,8.056468492044697,6.409542846679685,0.6232128069073137,2.2390220059055768
TSLA,LSTM,False,9.376847252986032,7.521032714843753,0.4895885716502437,2.6256856462418203
TSLA,LSTM,True,10.003791659195345,8.59414825439453,0.4190537083750475,2.9776881133013346
TSM,CNN,False,4.898299795951405,3.4584327697753907,-1.1417553217272736,4.668423652692072
TSM,CNN,True,6.123551946714256,4.665982055664062,-2.347232988248423,6.24654426810523
TSM,CNN-LSTM,False,3.03722014613137,2.3079654693603517,0.1765605415531335,3.090306052796974
TSM,CNN-LSTM,True,5.512242881026808,4.222344970703125,-1.7122881141509705,5.671780272827531
TSM,LSTM,False,2.7784416582806446,2.317814254760742,0.31090088192597576,3.0780490603451396
TSM,LSTM,True,2.878154552348089,2.4304542541503906,0.260552487015845,3.229790768124321
VZ,CNN,False,1.47993773708909,1.144001960754395,-0.6849242162010498,2.8446588028798847
VZ,CNN,True,3.8098423454935815,3.622310447692871,-10.166253738362228,9.074906776848053
VZ,CNN-LSTM,False,0.9316163008079114,0.6773155212402348,0.3323211165510115,1.7326205055490633
VZ,CNN-LSTM,True,0.799699659724857,0.5880350112915043,0.5080201613900606,1.4756842167915336
VZ,LSTM,False,0.7268589717818292,0.5721410751342777,0.5935624787590849,1.4430686532324821
VZ,LSTM,True,2.2177407184227227,2.0810565948486324,-2.7836854411953746,5.212554363522452
XPEV,CNN,False,1.8858907012261574,1.6912949085235591,-1.0624222934352434,11.330214777187745
XPEV,CNN,True,9.014633422872372,8.346346855163574,-46.12384275482806,57.52365758400193
XPEV,CNN-LSTM,False,3.411779128205587,3.307515335083008,-5.750040402022132,22.207366370469877
XPEV,CNN-LSTM,True,3.8172151517988677,3.6515573501586913,-7.449632765558821,24.937326680118648
XPEV,LSTM,False,3.1528829601149564,3.054930305480957,-4.764481568890382,20.375859221890906
XPEV,LSTM,True,4.721983188420511,4.489176559448242,-11.929848292167534,30.711382396966403
ZS,CNN,False,14.931869730480125,10.594501495361328,-0.13949261614998476,6.177861822657482
ZS,CNN,True,19.39719374987133,14.906960296630857,-0.9229187676342314,8.758418571886263
ZS,CNN-LSTM,False,12.07709477608397,8.700535583496091,0.2545679188712975,5.075798193935239
ZS,CNN-LSTM,True,13.450752203929207,10.286532592773435,0.07535234081888786,5.963808113037401
ZS,LSTM,False,11.473025624686436,7.827252960205075,0.32727269142224136,4.573280242184556
ZS,LSTM,True,14.12491611880522,11.218473815917966,-0.019658832256080894,6.4730191977769085
