Stock,Set,Metric,CNN,CNN(Topic),CNN-LSTM,CNN-LSTM(Topic),LSTM,LSTM(Topic)
AAPL,Train Set,RMSE,2.509469087196091,2.3209792035973944,,,,
AAPL,Train Set,MAE,1.9370789927214824,1.9137056097021243,,,,
AAPL,Train Set,R2,0.9588091233907526,0.9647645491872482,,,,
AAPL,Train Set,MAPE,1.1979902541800334,1.1759009828148959,,,,
AAPL,Test Set,RMSE,5.317355898997212,4.488432355499598,,,,
AAPL,Test Set,MAE,4.499011993408203,3.6941177368164064,,,,
AAPL,Test Set,R2,-0.7400625133340923,-0.2398317712484872,,,,
AAPL,Test Set,MAPE,2.932544574725288,2.399552392914324,,,,
AAPL,Train Set,RMSE,,,2.9743106189291475,2.6682495777404074,,
AAPL,Train Set,MAE,,,2.388228543286253,2.188966271912523,,
AAPL,Train Set,R2,,,0.9421357967729009,0.9534317162133612,,
AAPL,Train Set,MAPE,,,1.5014239098875115,1.3730883266056335,,
AAPL,Test Set,RMSE,,,3.5032603461748075,3.3977366168952057,,
AAPL,Test Set,MAE,,,2.7669166564941405,2.629552459716797,,
AAPL,Test Set,R2,,,0.24470220130452525,0.28951843537324284,,
AAPL,Test Set,MAPE,,,1.7894444579957967,1.7048465736155185,,
AAPL,Train Set,RMSE,,,,,3.1264178449382793,3.0692760648448543
AAPL,Train Set,MAE,,,,,2.529821987809806,2.523052873282597
AAPL,Train Set,R2,,,,,0.9360660737189677,0.9383817670956568
AAPL,Train Set,MAPE,,,,,1.5877972161216063,1.5935788256095096
AAPL,Test Set,RMSE,,,,,4.211903966682743,3.3449360413840497
AAPL,Test Set,MAE,,,,,3.5021392822265627,2.6410430908203124
AAPL,Test Set,R2,,,,,-0.09176788070505548,0.3114285235206806
AAPL,Test Set,MAPE,,,,,2.2808511113607217,1.719290658124181
AMD,Train Set,RMSE,3.59995383576704,4.5493238972083,,,,
AMD,Train Set,MAE,2.631291807578702,3.63229663266337,,,,
AMD,Train Set,R2,0.9747238154698284,0.9596344038656942,,,,
AMD,Train Set,MAPE,2.3760234283098973,3.092467122965309,,,,
AMD,Test Set,RMSE,5.7158518948169545,6.0856631418772835,,,,
AMD,Test Set,MAE,5.032942581176758,4.825546646118164,,,,
AMD,Test Set,R2,0.15136044429031126,0.037995385987906194,,,,
AMD,Test Set,MAPE,6.828531085339162,6.394922075517581,,,,
AMD,Train Set,RMSE,,,3.684820693514533,3.1535080629013206,,
AMD,Train Set,MAE,,,2.957610557819235,2.482201599722425,,
AMD,Train Set,R2,,,0.9735180248778768,0.9806042960942979,,
AMD,Train Set,MAPE,,,2.6822480833462063,2.2583882542616736,,
AMD,Test Set,RMSE,,,5.347268231217029,5.38864908563599,,
AMD,Test Set,MAE,,,4.318825531005859,4.16742172241211,,
AMD,Test Set,R2,,,0.25727973088918765,0.24573988661744295,,
AMD,Test Set,MAPE,,,6.053835333630207,5.8318300921041955,,
AMD,Train Set,RMSE,,,,,4.2561537642626615,3.947783394345082
AMD,Train Set,MAE,,,,,3.423466687131985,3.2283923144410984
AMD,Train Set,R2,,,,,0.9646692974710261,0.9696034505707586
AMD,Train Set,MAPE,,,,,3.132702212491509,2.9392975089770896
AMD,Test Set,RMSE,,,,,4.191806383404829,5.511872779373657
AMD,Test Set,MAE,,,,,3.658173751831055,4.526327514648438
AMD,Test Set,R2,,,,,0.5435809467391239,0.21084973555288455
AMD,Test Set,MAPE,,,,,4.985197349992537,6.326906386336992
AMZN,Train Set,RMSE,3.2693430522173754,3.53143957046583,,,,
AMZN,Train Set,MAE,2.329407264446391,2.424494137317677,,,,
AMZN,Train Set,R2,0.9797758089137751,0.9764031663379407,,,,
AMZN,Train Set,MAPE,1.5973450752720548,1.6485634161656912,,,,
AMZN,Test Set,RMSE,6.5991602576623505,5.544626724842032,,,,
AMZN,Test Set,MAE,5.243022155761721,4.515139389038087,,,,
AMZN,Test Set,R2,-0.03405076503587545,0.27002306529234865,,,,
AMZN,Test Set,MAPE,4.282210675895551,3.6029303261198846,,,,
AMZN,Train Set,RMSE,,,3.9562673509775874,3.522002637946616,,
AMZN,Train Set,MAE,,,3.1108212776372,2.6520124914610914,,
AMZN,Train Set,R2,,,0.9703843385303217,0.9765291116871483,,
AMZN,Train Set,MAPE,,,2.206414501769382,1.8819823323465112,,
AMZN,Test Set,RMSE,,,4.997474127665056,4.509175545685978,,
AMZN,Test Set,MAE,,,4.3168083190918,3.8808017730712927,,
AMZN,Test Set,R2,,,0.4069850818347349,0.5172094107148142,,
AMZN,Test Set,MAPE,,,3.4988986870012964,3.0798667895697416,,
AMZN,Train Set,RMSE,,,,,3.9133187892755976,3.5307159904593863
AMZN,Train Set,MAE,,,,,2.991714477539063,2.5745651169950743
AMZN,Train Set,R2,,,,,0.9710238534647662,0.9764128351698661
AMZN,Train Set,MAPE,,,,,2.166527868800279,1.8410855521243865
AMZN,Test Set,RMSE,,,,,3.767954018980085,5.114495938884773
AMZN,Test Set,MAE,,,,,3.2397922515869175,4.006589126586916
AMZN,Test Set,R2,,,,,0.6628868460607673,0.37888761928686776
AMZN,Test Set,MAPE,,,,,2.58369715295283,3.165756671401332
BA,Train Set,RMSE,3.6641922843925934,5.071975172069138,,,,
BA,Train Set,MAE,2.6233625365008275,3.788662125911619,,,,
BA,Train Set,R2,0.9853576993495913,0.9719452084566099,,,,
BA,Train Set,MAPE,1.4094973211445636,2.049960636644793,,,,
BA,Test Set,RMSE,4.8208250098309415,5.473337319704238,,,,
BA,Test Set,MAE,4.2535343170166025,3.66562843322754,,,,
BA,Test Set,R2,0.7907403595927274,0.7302588724135315,,,,
BA,Test Set,MAPE,2.9311001961679035,2.6708424571460325,,,,
BA,Train Set,RMSE,,,4.653435489676438,4.734916163124107,,
BA,Train Set,MAE,,,3.545407187175281,3.562354101923298,,
BA,Train Set,R2,,,0.9763843336915046,0.9755500826330908,,
BA,Train Set,MAPE,,,2.0207930660095292,1.9595435922021502,,
BA,Test Set,RMSE,,,4.857556898900232,4.133105656000799,,
BA,Test Set,MAE,,,4.1425415039062505,3.5526863098144537,,
BA,Test Set,R2,,,0.7875393368530952,0.8461860395069558,,
BA,Test Set,MAPE,,,2.9412029012462693,2.4658380654410244,,
BA,Train Set,RMSE,,,,,4.708835141913898,5.257726691031113
BA,Train Set,MAE,,,,,3.580519088970617,3.9963519467508863
BA,Train Set,R2,,,,,0.9758186924879652,0.9698526723084848
BA,Train Set,MAPE,,,,,2.08777407225356,2.2994530238088027
BA,Test Set,RMSE,,,,,5.70923798572367,7.582760976694651
BA,Test Set,MAE,,,,,4.5722591400146495,6.327757644653321
BA,Test Set,R2,,,,,0.7065061311307903,0.4822769837684673
BA,Test Set,MAPE,,,,,3.2852818400455135,4.536701693840408
BX,Train Set,RMSE,2.355981939752081,1.2397060383305025,,,,
BX,Train Set,MAE,1.730351565506657,1.061824441543354,,,,
BX,Train Set,R2,0.9697313285505843,0.9916191729484962,,,,
BX,Train Set,MAPE,1.507256855659581,0.9262581807809377,,,,
BX,Test Set,RMSE,4.820973230877039,6.734463364392186,,,,
BX,Test Set,MAE,3.8951759338378915,5.722035217285155,,,,
BX,Test Set,R2,0.23777154842023052,-0.4873792036349849,,,,
BX,Test Set,MAPE,4.23281118951747,6.1968424269619335,,,,
BX,Train Set,RMSE,,,2.544081630764355,3.033919551106021,,
BX,Train Set,MAE,,,1.9440493278315505,2.447422948376885,,
BX,Train Set,R2,,,0.9647051346138453,0.9498053342345537,,
BX,Train Set,MAPE,,,1.7286267280939083,2.2213891005795703,,
BX,Test Set,RMSE,,,5.718726607099108,4.4446523540853935,,
BX,Test Set,MAE,,,4.967906188964843,3.7154483795166025,,
BX,Test Set,R2,,,-0.07254219138965645,0.352124867462687,,
BX,Test Set,MAPE,,,5.550495243408391,4.161339324484984,,
BX,Train Set,RMSE,,,,,3.444055567435388,3.1417299821986853
BX,Train Set,MAE,,,,,2.622719825782212,2.5448261505277285
BX,Train Set,R2,,,,,0.9353170609316449,0.9461746132947004
BX,Train Set,MAPE,,,,,2.337891945992882,2.291174244000442
BX,Test Set,RMSE,,,,,3.500512597155998,5.183035429787001
BX,Test Set,MAE,,,,,3.0674095153808603,4.21628875732422
BX,Test Set,R2,,,,,0.5981360901547781,0.11898344202610078
BX,Test Set,MAPE,,,,,3.438361441380908,4.821011734115914
COST,Train Set,RMSE,8.398832697317793,4.70128416883401,,,,
COST,Train Set,MAE,6.200168102245613,3.491894200517628,,,,
COST,Train Set,R2,0.9493440089333934,0.9841282080608462,,,,
COST,Train Set,MAPE,1.174873631890108,0.6589347621653002,,,,
COST,Test Set,RMSE,17.28282597612776,19.885654048310343,,,,
COST,Test Set,MAE,13.655802917480463,15.174520874023443,,,,
COST,Test Set,R2,0.3072115892763221,0.08282784879969152,,,,
COST,Test Set,MAPE,2.656046931040705,2.9490000822179017,,,,
COST,Train Set,RMSE,,,8.948618247797182,8.98203338285551,,
COST,Train Set,MAE,,,6.7710324743111165,6.660215481161484,,
COST,Train Set,R2,,,0.942495091265046,0.9420648300001477,,
COST,Train Set,MAPE,,,1.2993483098252991,1.2740006565978634,,
COST,Test Set,RMSE,,,12.157148822835321,11.412529541346947,,
COST,Test Set,MAE,,,10.216975402832025,9.342732238769532,,
COST,Test Set,R2,,,0.6572049307611296,0.697910987534512,,
COST,Test Set,MAPE,,,2.0080537355184678,1.8374418446883374,,
COST,Train Set,RMSE,,,,,9.193286966639485,9.091431093073757
COST,Train Set,MAE,,,,,6.918283246420875,6.767920132341056
COST,Train Set,R2,,,,,0.9393075611437189,0.9406449795686902
COST,Train Set,MAPE,,,,,1.3331480162363556,1.3072112146540769
COST,Test Set,RMSE,,,,,12.111349534673424,13.075996705798547
COST,Test Set,MAE,,,,,9.976782226562495,11.002459716796869
COST,Test Set,R2,,,,,0.6597828703309228,0.6034292259071838
COST,Test Set,MAPE,,,,,1.9575962099311135,2.189693800294389
CRM,Train Set,RMSE,3.479443484828549,1.2332681249701731,,,,
CRM,Train Set,MAE,2.4642788741388926,0.841701639109644,,,,
CRM,Train Set,R2,0.9918162165209631,0.9989718663566239,,,,
CRM,Train Set,MAPE,1.1283365700652512,0.3948345629171902,,,,
CRM,Test Set,RMSE,20.952206965389784,18.942016612343906,,,,
CRM,Test Set,MAE,18.448549652099608,16.338516998291016,,,,
CRM,Test Set,R2,-15.128183540148754,-12.181909711265192,,,,
CRM,Test Set,MAPE,12.116383222460666,10.817104162194752,,,,
CRM,Train Set,RMSE,,,4.291609821347668,4.323967874714214,,
CRM,Train Set,MAE,,,3.50715336541237,3.4478774798914724,,
CRM,Train Set,R2,,,0.9875498375557581,0.987361385297012,,
CRM,Train Set,MAPE,,,1.740138182490763,1.669127377166638,,
CRM,Test Set,RMSE,,,15.75640484905025,24.855266405886525,,
CRM,Test Set,MAE,,,11.803890228271486,17.66419677734375,,
CRM,Test Set,R2,,,-8.120951966818161,-21.696701767953908,,
CRM,Test Set,MAPE,,,7.884993489155219,11.82909064302908,,
CRM,Train Set,RMSE,,,,,4.927486601974376,4.752933200647084
CRM,Train Set,MAE,,,,,3.939823169426377,3.796234657024515
CRM,Train Set,R2,,,,,0.9835870947969384,0.9847293340067924
CRM,Train Set,MAPE,,,,,1.9629135536395774,1.8793662378528233
CRM,Test Set,RMSE,,,,,9.582625630507517,20.00421381894616
CRM,Test Set,MAE,,,,,7.704898834228517,14.68072052001953
CRM,Test Set,R2,,,,,-2.373610577352131,-13.701744882058986
CRM,Test Set,MAPE,,,,,5.1274958837025,9.797259898346502
DIS,Train Set,RMSE,1.9828774097131279,1.623780247486678,,,,
DIS,Train Set,MAE,1.470326541092596,1.1521132896686428,,,,
DIS,Train Set,R2,0.9915936576284502,0.9943627168122368,,,,
DIS,Train Set,MAPE,1.103341504266036,0.8750821176308679,,,,
DIS,Test Set,RMSE,8.47456936362952,8.10354833400441,,,,
DIS,Test Set,MAE,7.854525375366211,6.951431655883789,,,,
DIS,Test Set,R2,-0.8350672343442205,-0.6779041843632168,,,,
DIS,Test Set,MAPE,7.258890309770527,6.331210752792934,,,,
DIS,Train Set,RMSE,,,2.509740574772339,2.175527504528075,,
DIS,Train Set,MAE,,,1.9657340590002501,1.7619079439510847,,
DIS,Train Set,R2,,,0.9865329334059212,0.989880839123622,,
DIS,Train Set,MAPE,,,1.5426379827966263,1.3966673474828606,,
DIS,Test Set,RMSE,,,4.014393592042333,4.4337491998464005,,
DIS,Test Set,MAE,,,3.0565464019775406,3.622388076782228,,
DIS,Test Set,R2,,,0.5882281961682347,0.4977048906422771,,
DIS,Test Set,MAPE,,,2.7735647092875064,3.2816870073907456,,
DIS,Train Set,RMSE,,,,,2.556916888105936,2.540603132142365
DIS,Train Set,MAE,,,,,2.0332999018025513,2.0459497386011583
DIS,Train Set,R2,,,,,0.9860218863538994,0.986199684916403
DIS,Train Set,MAPE,,,,,1.59842698941517,1.6335271322487772
DIS,Test Set,RMSE,,,,,2.7287946340831493,2.937487883011069
DIS,Test Set,MAE,,,,,2.4499900817871065,2.4338161468505817
DIS,Test Set,R2,,,,,0.8097352178314193,0.7795201670859333
DIS,Test Set,MAPE,,,,,2.2999681313895177,2.2428774375305083
ENPH,Train Set,RMSE,6.243302842641257,3.4079411893449385,,,,
ENPH,Train Set,MAE,4.789045737881967,2.1963615229564346,,,,
ENPH,Train Set,R2,0.9822638949660732,0.9947153816093136,,,,
ENPH,Train Set,MAPE,2.4370830688336476,1.128485129303103,,,,
ENPH,Test Set,RMSE,19.43517091044677,20.177301612192156,,,,
ENPH,Test Set,MAE,16.147126770019533,14.773471069335931,,,,
ENPH,Test Set,R2,-0.571730203424649,-0.6940547515901032,,,,
ENPH,Test Set,MAPE,5.435362915691446,4.889199877698658,,,,
ENPH,Train Set,RMSE,,,8.020284578796796,5.856974414915629,,
ENPH,Train Set,MAE,,,6.263921239693176,4.441400349433785,,
ENPH,Train Set,R2,,,0.9707309244685489,0.9843909632735961,,
ENPH,Train Set,MAPE,,,3.3327116637417236,2.3745777053066153,,
ENPH,Test Set,RMSE,,,13.493018217122357,14.294209169671861,,
ENPH,Test Set,MAE,,,10.863908386230468,10.3696792602539,,
ENPH,Test Set,R2,,,0.24243572851127404,0.14979914661848392,,
ENPH,Test Set,MAPE,,,3.6666471294624214,3.423997341107922,,
ENPH,Train Set,RMSE,,,,,8.108867226746922,7.415294519572579
ENPH,Train Set,MAE,,,,,6.414485461606181,5.613302221439155
ENPH,Train Set,R2,,,,,0.9700808102921387,0.9749800603060568
ENPH,Train Set,MAPE,,,,,3.4194247111330496,2.8970190045038255
ENPH,Test Set,RMSE,,,,,27.441454382473253,11.156349391953217
ENPH,Test Set,MAE,,,,,19.77202911376953,8.315745544433582
ENPH,Test Set,R2,,,,,-2.133397703236756,0.4821005085146838
ENPH,Test Set,MAPE,,,,,6.505827150486773,2.7624693071873967
F,Train Set,RMSE,0.3102711670719615,0.32418063315369866,,,,
F,Train Set,MAE,0.22488560700064214,0.2258571803276174,,,,
F,Train Set,R2,0.9908431228939228,0.9900037138561781,,,,
F,Train Set,MAPE,1.3789532182432138,1.374933461231943,,,,
F,Test Set,RMSE,0.9790983804430052,1.0110935245477213,,,,
F,Test Set,MAE,0.9172379970550537,0.9433073997497559,,,,
F,Test Set,R2,0.5081011920521961,0.4754272050673738,,,,
F,Test Set,MAPE,6.8099938844532915,6.736393460175092,,,,
F,Train Set,RMSE,,,0.4368323794922114,0.39865142741610654,,
F,Train Set,MAE,,,0.3364816205254915,0.30133439519722455,,
F,Train Set,R2,,,0.9818492660273078,0.9848835018940185,,
F,Train Set,MAPE,,,2.0896627065498876,1.888126706556386,,
F,Test Set,RMSE,,,0.6367259328761168,0.7281674386347547,,
F,Test Set,MAE,,,0.5602183341979982,0.6443730831146242,,
F,Test Set,R2,,,0.7919689397601584,0.7279268935961585,,
F,Test Set,MAPE,,,3.980468847727651,4.588153790224579,,
F,Train Set,RMSE,,,,,0.4806278940677171,0.5185995896493829
F,Train Set,MAE,,,,,0.3514822504203307,0.4093842060107903
F,Train Set,R2,,,,,0.9780273472904474,0.9744183304522189
F,Train Set,MAPE,,,,,2.2029838883504684,2.5280026716981445
F,Test Set,RMSE,,,,,0.726252681942847,0.5301296177300995
F,Test Set,MAE,,,,,0.6132463932037354,0.4159871101379397
F,Test Set,R2,,,,,0.7293558749955033,0.855792700998848
F,Test Set,MAPE,,,,,4.270150616135675,2.9796016630760414
GOOG,Train Set,RMSE,1.7148910856610537,2.4145676759504084,,,,
GOOG,Train Set,MAE,1.258425670304322,1.9772926292983184,,,,
GOOG,Train Set,R2,0.9837164780143001,0.9677184764001455,,,,
GOOG,Train Set,MAPE,0.9716019341226887,1.5230947986193553,,,,
GOOG,Test Set,RMSE,13.540680138114729,10.221795497240558,,,,
GOOG,Test Set,MAE,11.275082778930662,8.017058563232421,,,,
GOOG,Test Set,R2,-7.4465479700674475,-3.8134079448450082,,,,
GOOG,Test Set,MAPE,11.115753604231553,7.943202493966014,,,,
GOOG,Train Set,RMSE,,,2.0731832716538334,2.0456308923162725,,
GOOG,Train Set,MAE,,,1.6623131136588871,1.5731017389908224,,
GOOG,Train Set,R2,,,0.9762014415654985,0.9768297987223011,,
GOOG,Train Set,MAPE,,,1.307848915834505,1.2310184989434267,,
GOOG,Test Set,RMSE,,,16.102567942444615,16.724642672008823,,
GOOG,Test Set,MAE,,,12.334082412719724,12.303920745849606,,
GOOG,Test Set,R2,,,-10.945066587558047,-11.885817905630814,,
GOOG,Test Set,MAPE,,,12.238274022814373,12.245313587340583,,
GOOG,Train Set,RMSE,,,,,2.2571072827666714,2.2616355762876204
GOOG,Train Set,MAE,,,,,1.7524627159381738,1.8046439410430464
GOOG,Train Set,R2,,,,,0.9717915214071474,0.9716782220469624
GOOG,Train Set,MAPE,,,,,1.3880662017297913,1.418650162683811
GOOG,Test Set,RMSE,,,,,11.292245225228841,11.914242308095483
GOOG,Test Set,MAE,,,,,8.456535339355465,8.771389007568356
GOOG,Test Set,R2,,,,,-4.87433752180405,-5.539298337472073
GOOG,Test Set,MAPE,,,,,8.402858560458034,8.72205546182229
INTC,Train Set,RMSE,0.7772244031931996,0.7586855372541201,,,,
INTC,Train Set,MAE,0.6156205708170177,0.5689791035769608,,,,
INTC,Train Set,R2,0.9798554088944785,0.9808049516298352,,,,
INTC,Train Set,MAPE,1.398208615664555,1.2891358359970837,,,,
INTC,Test Set,RMSE,1.4274696969150313,4.32091462622645,,,,
INTC,Test Set,MAE,1.2311759948730479,3.8352059364318847,,,,
INTC,Test Set,R2,0.23322191209954501,-6.0256622766202295,,,,
INTC,Test Set,MAPE,4.378216150533531,13.672208351956435,,,,
INTC,Train Set,RMSE,,,0.8849241645846627,0.8010302362838683,,
INTC,Train Set,MAE,,,0.6796830088046975,0.6088390632215978,,
INTC,Train Set,R2,,,0.9738857408603718,0.9786024810544413,,
INTC,Train Set,MAPE,,,1.5521835516037774,1.3948880062831526,,
INTC,Test Set,RMSE,,,1.1425919185941826,1.376707981480177,,
INTC,Test Set,MAE,,,0.9775636672973645,1.2402012825012212,,
INTC,Test Set,R2,,,0.5087323186171198,0.2867864936541933,,
INTC,Test Set,MAPE,,,3.50728926824874,4.377584283217496,,
INTC,Train Set,RMSE,,,,,1.0089880972839622,0.9148065729076087
INTC,Train Set,MAE,,,,,0.776620272932382,0.7076276957695119
INTC,Train Set,R2,,,,,0.9660501635502952,0.9720922931035453
INTC,Train Set,MAPE,,,,,1.7691087055061168,1.614467018192528
INTC,Test Set,RMSE,,,,,2.6037058389230747,4.179004184785622
INTC,Test Set,MAE,,,,,2.362667179107666,3.3915074348449705
INTC,Test Set,R2,,,,,-1.5510544743073962,-5.571757213718291
INTC,Test Set,MAPE,,,,,8.43138173774595,12.222484759911067
KO,Train Set,RMSE,0.8154261151664436,0.6446666414150236,,,,
KO,Train Set,MAE,0.5786564267914872,0.46348957005392727,,,,
KO,Train Set,R2,0.9343603248650185,0.9589732054539764,,,,
KO,Train Set,MAPE,0.9634144066688363,0.7677782766382463,,,,
KO,Test Set,RMSE,1.0781557294540687,1.207810574254467,,,,
KO,Test Set,MAE,0.9478988647460955,1.0380607604980487,,,,
KO,Test Set,R2,0.5935511628775559,0.48991735186688745,,,,
KO,Test Set,MAPE,1.6149484496655306,1.7675290972587125,,,,
KO,Train Set,RMSE,,,0.7234833535519306,0.6028953167145051,,
KO,Train Set,MAE,,,0.5257376121182749,0.434430972695938,,
KO,Train Set,R2,,,0.9483281183880017,0.9641176390079078,,
KO,Train Set,MAPE,,,0.8768545242736061,0.7263179470378184,,
KO,Test Set,RMSE,,,0.9061685852526014,1.3021637360301883,,
KO,Test Set,MAE,,,0.7437017440795923,1.1168436050415078,,
KO,Test Set,R2,,,0.7128816831958669,0.407110050881608,,
KO,Test Set,MAPE,,,1.2683465342987912,1.9055858616172348,,
KO,Train Set,RMSE,,,,,0.8090233044907961,0.7070863759358622
KO,Train Set,MAE,,,,,0.6236772960042719,0.5187791720986956
KO,Train Set,R2,,,,,0.93538709692936,0.9506437529635735
KO,Train Set,MAPE,,,,,1.0341326336896561,0.8637890376385944
KO,Test Set,RMSE,,,,,0.7978814031491762,0.7630196690971158
KO,Test Set,MAE,,,,,0.6272130966186527,0.5804943084716807
KO,Test Set,R2,,,,,0.7774028597479283,0.7964297257442368
KO,Test Set,MAPE,,,,,1.0584436260588157,0.9824934878514822
META,Train Set,RMSE,6.490020281883489,7.68323138327421,,,,
META,Train Set,MAE,4.222046950767779,5.415995029393086,,,,
META,Train Set,R2,0.9901553490379009,0.986202638614593,,,,
META,Train Set,MAPE,1.7371228083519157,2.061903591886244,,,,
META,Test Set,RMSE,18.280287724161624,17.603843619450643,,,,
META,Test Set,MAE,15.444223785400391,15.099195861816407,,,,
META,Test Set,R2,-1.8797034556784156,-1.6705254263205953,,,,
META,Test Set,MAPE,10.728474588578354,10.443584816241017,,,,
META,Train Set,RMSE,,,7.696784706498649,6.811719494738053,,
META,Train Set,MAE,,,5.475501224912444,4.975512274380386,,
META,Train Set,R2,,,0.9861539182196171,0.9891551955342175,,
META,Train Set,MAPE,,,2.328054233879885,2.1639034035963607,,
META,Test Set,RMSE,,,6.339154549150537,15.317576798287085,,
META,Test Set,MAE,,,5.7399147033691404,13.423725128173828,,
META,Test Set,R2,,,0.6537064572068285,-1.0219101215308082,,
META,Test Set,MAPE,,,3.8781568265098723,9.281093415393904,,
META,Train Set,RMSE,,,,,8.021370396512651,8.429850811440483
META,Train Set,MAE,,,,,5.5779300933988205,6.079450936153016
META,Train Set,R2,,,,,0.9849614710305226,0.9833908276234281
META,Train Set,MAPE,,,,,2.4999558455503523,2.5995845796826598
META,Test Set,RMSE,,,,,10.890615505843936,12.104185452169363
META,Test Set,MAE,,,,,8.775714111328124,10.292516326904297
META,Test Set,R2,,,,,-0.022083940377566558,-0.2625623997048643
META,Test Set,MAPE,,,,,6.121809999444419,7.148964720415216
MSFT,Train Set,RMSE,2.463825827583305,4.069958634102942,,,,
MSFT,Train Set,MAE,1.8853604171076421,3.1306454512873305,,,,
MSFT,Train Set,R2,0.9911131393801808,0.9757501893287233,,,,
MSFT,Train Set,MAPE,0.6355681334512473,1.0765003541406364,,,,
MSFT,Test Set,RMSE,14.391135228544412,13.503107274303712,,,,
MSFT,Test Set,MAE,12.805078887939459,11.841126251220707,,,,
MSFT,Test Set,R2,-1.308653917092403,-1.0325262426925872,,,,
MSFT,Test Set,MAPE,5.250281783575025,4.869397421780512,,,,
MSFT,Train Set,RMSE,,,5.302566659790812,4.251525562243549,,
MSFT,Train Set,MAE,,,4.333973400698508,3.44431571772533,,
MSFT,Train Set,R2,,,0.9588376050370765,0.9735382872308177,,
MSFT,Train Set,MAPE,,,1.5230941789153134,1.1958701054705805,,
MSFT,Test Set,RMSE,,,20.30290676711676,13.65317511611827,,
MSFT,Test Set,MAE,,,16.944345855712893,11.98359756469727,,
MSFT,Test Set,R2,,,-3.5949963047947735,-1.0779545629533125,,
MSFT,Test Set,MAPE,,,6.993845188851687,4.930052307597312,,
MSFT,Train Set,RMSE,,,,,5.498088406655452,5.201546396232033
MSFT,Train Set,MAE,,,,,4.438771590810691,4.2186150762247925
MSFT,Train Set,R2,,,,,0.9557460745968105,0.9603910513423048
MSFT,Train Set,MAPE,,,,,1.5425183796751902,1.4827316853346226
MSFT,Test Set,RMSE,,,,,14.628810531526046,10.235131339624933
MSFT,Test Set,MAE,,,,,12.302069091796879,8.585899353027347
MSFT,Test Set,R2,,,,,-1.3855402908464485,-0.16776529937799278
MSFT,Test Set,MAPE,,,,,5.071682907433617,3.533617346216491
NFLX,Train Set,RMSE,14.504341408920995,15.790465901887986,,,,
NFLX,Train Set,MAE,9.169554085567077,10.440525148889702,,,,
NFLX,Train Set,R2,0.9923034969262917,0.990878057971679,,,,
NFLX,Train Set,MAPE,2.8332004791799528,3.258449588745442,,,,
NFLX,Test Set,RMSE,15.35989261072685,15.67748252357802,,,,
NFLX,Test Set,MAE,11.96206283569336,11.670054626464847,,,,
NFLX,Test Set,R2,-2.6377226065636163,-2.789709068699689,,,,
NFLX,Test Set,MAPE,5.1136824215696945,4.9647425839699295,,,,
NFLX,Train Set,RMSE,,,11.732092520170372,12.560293838181286,,
NFLX,Train Set,MAE,,,7.609704905542834,7.988208714377117,,
NFLX,Train Set,R2,,,0.9949644330096759,0.9942283894506956,,
NFLX,Train Set,MAPE,,,2.4329638226505192,2.6206996761364945,,
NFLX,Test Set,RMSE,,,11.30532844656924,10.405130312786468,,
NFLX,Test Set,MAE,,,9.291852569580081,8.550672912597658,,
NFLX,Test Set,R2,,,-0.9706957893096568,-0.669353329407969,,
NFLX,Test Set,MAPE,,,3.958051909649384,3.6985965872034683,,
NFLX,Train Set,RMSE,,,,,13.427542000734466,12.82043771265695
NFLX,Train Set,MAE,,,,,8.730793093225639,8.249171515403713
NFLX,Train Set,R2,,,,,0.9934038509814969,0.9939868349357706
NFLX,Train Set,MAPE,,,,,2.8205131582167784,2.7004071018610594
NFLX,Test Set,RMSE,,,,,9.293378825009695,8.790278597062256
NFLX,Test Set,MAE,,,,,6.672322082519534,6.354483032226563
NFLX,Test Set,R2,,,,,-0.3316819142607499,-0.19140248004326987
NFLX,Test Set,MAPE,,,,,2.854137989089214,2.74213828567025
NIO,Train Set,RMSE,0.614191042798954,0.46501008662174065,,,,
NIO,Train Set,MAE,0.4161265659802067,0.32463279028831443,,,,
NIO,Train Set,R2,0.9919824111783417,0.9954041952510152,,,,
NIO,Train Set,MAPE,1.7770694768291313,1.3519437324523305,,,,
NIO,Test Set,RMSE,1.9266295409283387,1.8493877666441065,,,,
NIO,Test Set,MAE,1.4316693305969241,1.4783574104309085,,,,
NIO,Test Set,R2,-0.06230835123302647,0.02116356490445981,,,,
NIO,Test Set,MAPE,7.487253811078998,7.723577311604964,,,,
NIO,Train Set,RMSE,,,1.0384498229482537,1.0143708457771605,,
NIO,Train Set,MAE,,,0.7927349823449042,0.7662611806333943,,
NIO,Train Set,R2,,,0.9770803566097002,0.9781309287253885,,
NIO,Train Set,MAPE,,,3.5017091501164583,3.3800760915421253,,
NIO,Test Set,RMSE,,,1.2192255721193663,1.1937795050195463,,
NIO,Test Set,MAE,,,0.9756337165832523,0.9201553344726566,,
NIO,Test Set,R2,,,0.5745757012681427,0.5921481817402088,,
NIO,Test Set,MAPE,,,5.059859125202893,4.740776731789092,,
NIO,Train Set,RMSE,,,,,1.0840577593558676,1.0992699507535628
NIO,Train Set,MAE,,,,,0.8282508145412201,0.8472249918970568
NIO,Train Set,R2,,,,,0.9750229198468033,0.9743170127784009
NIO,Train Set,MAPE,,,,,3.7248541772477375,3.7798858267681306
NIO,Test Set,RMSE,,,,,1.2631993222100404,1.2552042923825761
NIO,Test Set,MAE,,,,,1.0900892257690429,1.119300365447998
NIO,Test Set,R2,,,,,0.5433347832389533,0.5490971326359021
NIO,Test Set,MAPE,,,,,5.781823329167836,6.070995768248086
NOC,Train Set,RMSE,4.697138211338702,4.837397178613163,,,,
NOC,Train Set,MAE,3.413436664149095,3.362073024505467,,,,
NOC,Train Set,R2,0.9884150826982451,0.987712889802493,,,,
NOC,Train Set,MAPE,0.7701556416742694,0.7541296271499043,,,,
NOC,Test Set,RMSE,11.495438667027898,13.064283257765364,,,,
NOC,Test Set,MAE,9.949528503417975,11.398461914062505,,,,
NOC,Test Set,R2,-1.3013794808927903,-1.9724072751454442,,,,
NOC,Test Set,MAPE,2.063224368680113,2.3529212796549714,,,,
NOC,Train Set,RMSE,,,5.80619202987939,7.394106863780119,,
NOC,Train Set,MAE,,,4.514166470231679,5.715506267077814,,
NOC,Train Set,R2,,,0.9822985415546744,0.9712923458679656,,
NOC,Train Set,MAPE,,,1.0413839599521137,1.318173570195507,,
NOC,Test Set,RMSE,,,10.19120855803808,7.373715339398807,,
NOC,Test Set,MAE,,,9.242558288574225,6.424040222167974,,
NOC,Test Set,R2,,,-0.8087915393721357,0.05308744503582474,,
NOC,Test Set,MAPE,,,1.9127211829605306,1.3398266616744532,,
NOC,Train Set,RMSE,,,,,8.563938351651748,7.297558306264604
NOC,Train Set,MAE,,,,,6.561113630022317,5.440187651535558
NOC,Train Set,R2,,,,,0.9614900172590461,0.9720371517039491
NOC,Train Set,MAPE,,,,,1.5166856802660122,1.2554603334857641
NOC,Test Set,RMSE,,,,,8.036182124145588,8.277711536584924
NOC,Test Set,MAE,,,,,7.061833190917975,7.268539428710943
NOC,Test Set,R2,,,,,-0.12469996220584867,-0.19332218654735156
NOC,Test Set,MAPE,,,,,1.4694247851025373,1.5039551452255755
PG,Train Set,RMSE,1.7058331311412813,2.2903828769539856,,,,
PG,Train Set,MAE,1.2948219787898323,1.8916130629666332,,,,
PG,Train Set,R2,0.9401261925666106,0.8920606092591095,,,,
PG,Train Set,MAPE,0.8642720213132677,1.2508557960652307,,,,
PG,Test Set,RMSE,2.8123284473771153,3.0323120857916055,,,,
PG,Test Set,MAE,2.3118953704833984,2.2687763214111327,,,,
PG,Test Set,R2,0.02772032431079785,-0.13033433904646552,,,,
PG,Test Set,MAPE,1.7127391120181978,1.6920242259076808,,,,
PG,Train Set,RMSE,,,1.7130954576676898,1.8629963258370281,,
PG,Train Set,MAE,,,1.26816194280615,1.4365093062076661,,
PG,Train Set,R2,,,0.9396152999958445,0.9285852726058089,,
PG,Train Set,MAPE,,,0.8512294214474603,0.9676396186985587,,
PG,Test Set,RMSE,,,2.4477244634906663,3.219765676553646,,
PG,Test Set,MAE,,,1.8932628631591797,2.4996883392333986,,
PG,Test Set,R2,,,0.26348061057181926,-0.27440556864002397,,
PG,Test Set,MAPE,,,1.40645220867839,1.869138160575037,,
PG,Train Set,RMSE,,,,,1.8324605355699468,1.9495909596162688
PG,Train Set,MAE,,,,,1.3695659167660867,1.4683082467816733
PG,Train Set,R2,,,,,0.9309071596430113,0.9217920701014719
PG,Train Set,MAPE,,,,,0.9247717180073332,0.9875769640423939
PG,Test Set,RMSE,,,,,2.0111799065209643,2.962822436024819
PG,Test Set,MAE,,,,,1.5319095611572267,2.4070514678955077
PG,Test Set,R2,,,,,0.5027658246341944,-0.07912157891006855
PG,Test Set,MAPE,,,,,1.1415809559337373,1.7980065585539
PYPL,Train Set,RMSE,2.96774424847278,2.742225252246039,,,,
PYPL,Train Set,MAE,2.1386759715714487,2.326122904058748,,,,
PYPL,Train Set,R2,0.9955090409835544,0.9961656442912177,,,,
PYPL,Train Set,MAPE,1.917572063248826,2.054148606140843,,,,
PYPL,Test Set,RMSE,10.642081877602928,5.6636451781487,,,,
PYPL,Test Set,MAE,9.297139358520507,4.823200607299808,,,,
PYPL,Test Set,R2,-6.428829665494899,-1.1040656362340284,,,,
PYPL,Test Set,MAPE,9.944035284658735,5.20955932858313,,,,
PYPL,Train Set,RMSE,,,4.231052044976443,3.4294288547422354,,
PYPL,Train Set,MAE,,,3.1535288242283714,2.614048361191021,,
PYPL,Train Set,R2,,,0.9908718475887117,0.9940030594563037,,
PYPL,Train Set,MAPE,,,2.790088306779095,2.2850129877847043,,
PYPL,Test Set,RMSE,,,3.369868282930568,4.869848054939808,,
PYPL,Test Set,MAE,,,2.6087394714355496,4.0685783386230465,,
PYPL,Test Set,R2,,,0.25510842753177154,-0.5556003440081254,,
PYPL,Test Set,MAPE,,,2.782034176154986,4.332044975630862,,
PYPL,Train Set,RMSE,,,,,4.314785980165379,4.007812552610767
PYPL,Train Set,MAE,,,,,3.085941032823084,2.8895530888599703
PYPL,Train Set,R2,,,,,0.9905069741019494,0.991809678492235
PYPL,Train Set,MAPE,,,,,2.7619396281626583,2.6282560044963192
PYPL,Test Set,RMSE,,,,,3.9679013734586266,5.381238776623793
PYPL,Test Set,MAE,,,,,3.243371963500978,4.668465805053712
PYPL,Test Set,R2,,,,,-0.03273511986868405,-0.8994669207032175
PYPL,Test Set,MAPE,,,,,3.455446663487004,5.000645710672922
TSLA,Train Set,RMSE,6.7497915698271695,7.922738965192171,,,,
TSLA,Train Set,MAE,5.031069525356951,5.8343684003858165,,,,
TSLA,Train Set,R2,0.9784267082306011,0.9702774280439045,,,,
TSLA,Train Set,MAPE,1.7007841166394377,1.9388078768357182,,,,
TSLA,Test Set,RMSE,15.305752598672193,15.57937853098055,,,,
TSLA,Test Set,MAE,12.368388366699216,13.149682617187498,,,,
TSLA,Test Set,R2,-0.3599285306625868,-0.40898693414705223,,,,
TSLA,Test Set,MAPE,4.312396941363648,4.550908748094869,,,,
TSLA,Train Set,RMSE,,,10.370268694103567,9.788932719410207,,
TSLA,Train Set,MAE,,,7.976965918329551,7.747443664250116,,
TSLA,Train Set,R2,,,0.9490767971703615,0.9546260717683138,,
TSLA,Train Set,MAPE,,,2.6950801414368306,2.6306464044403013,,
TSLA,Test Set,RMSE,,,10.358078999411664,8.056468492044697,,
TSLA,Test Set,MAE,,,9.308184814453123,6.409542846679685,,
TSLA,Test Set,R2,,,0.377176278965342,0.6232128069073137,,
TSLA,Test Set,MAPE,,,3.2125379834350722,2.2390220059055768,,
TSLA,Train Set,RMSE,,,,,11.659884141702996,10.82525313138661
TSLA,Train Set,MAE,,,,,9.18104417923049,8.302443480843982
TSLA,Train Set,R2,,,,,0.9356239741309966,0.944510371974055
TSLA,Train Set,MAPE,,,,,3.1499866002355033,2.787293440152598
TSLA,Test Set,RMSE,,,,,9.376847252986032,10.003791659195345
TSLA,Test Set,MAE,,,,,7.521032714843753,8.59414825439453
TSLA,Test Set,R2,,,,,0.4895885716502437,0.4190537083750475
TSLA,Test Set,MAPE,,,,,2.6256856462418203,2.9776881133013346
TSM,Train Set,RMSE,2.2074385244786265,2.1353397568700454,,,,
TSM,Train Set,MAE,1.663242058213709,1.6783981699074433,,,,
TSM,Train Set,R2,0.9794161218662014,0.9807387734772591,,,,
TSM,Train Set,MAPE,1.595135704041651,1.677423981222887,,,,
TSM,Test Set,RMSE,4.898299795951405,6.123551946714256,,,,
TSM,Test Set,MAE,3.4584327697753907,4.665982055664062,,,,
TSM,Test Set,R2,-1.1417553217272736,-2.347232988248423,,,,
TSM,Test Set,MAPE,4.668423652692072,6.24654426810523,,,,
TSM,Train Set,RMSE,,,2.2441155170914935,2.374994353801103,,
TSM,Train Set,MAE,,,1.7400912956651209,1.8886534968033213,,
TSM,Train Set,R2,,,0.9787264296342021,0.9761726837160406,,
TSM,Train Set,MAPE,,,1.7000907736662425,1.8482560835908923,,
TSM,Test Set,RMSE,,,3.03722014613137,5.512242881026808,,
TSM,Test Set,MAE,,,2.3079654693603517,4.222344970703125,,
TSM,Test Set,R2,,,0.1765605415531335,-1.7122881141509705,,
TSM,Test Set,MAPE,,,3.090306052796974,5.671780272827531,,
TSM,Train Set,RMSE,,,,,2.324283878863666,2.254512236223607
TSM,Train Set,MAE,,,,,1.8591896771210168,1.7207647614878392
TSM,Train Set,R2,,,,,0.9771793344256532,0.978528857206403
TSM,Train Set,MAPE,,,,,1.8181941050001333,1.6925127438603527
TSM,Test Set,RMSE,,,,,2.7784416582806446,2.878154552348089
TSM,Test Set,MAE,,,,,2.317814254760742,2.4304542541503906
TSM,Test Set,R2,,,,,0.31090088192597576,0.260552487015845
TSM,Test Set,MAPE,,,,,3.0780490603451396,3.229790768124321
VZ,Train Set,RMSE,0.5463154139880629,0.6091225253783387,,,,
VZ,Train Set,MAE,0.38673241150203075,0.4462127873462996,,,,
VZ,Train Set,R2,0.9551109148241651,0.9441962779822176,,,,
VZ,Train Set,MAPE,0.7855577611495598,0.9070691844973857,,,,
VZ,Test Set,RMSE,1.47993773708909,3.8098423454935815,,,,
VZ,Test Set,MAE,1.144001960754395,3.622310447692871,,,,
VZ,Test Set,R2,-0.6849242162010498,-10.166253738362228,,,,
VZ,Test Set,MAPE,2.8446588028798847,9.074906776848053,,,,
VZ,Train Set,RMSE,,,0.5813659160196294,0.5573403071900325,,
VZ,Train Set,MAE,,,0.43185214338631456,0.4295527453493015,,
VZ,Train Set,R2,,,0.9491661527224495,0.9532808694545568,,
VZ,Train Set,MAPE,,,0.8809497100993565,0.879140372552683,,
VZ,Test Set,RMSE,,,0.9316163008079114,0.799699659724857,,
VZ,Test Set,MAE,,,0.6773155212402348,0.5880350112915043,,
VZ,Test Set,R2,,,0.3323211165510115,0.5080201613900606,,
VZ,Test Set,MAPE,,,1.7326205055490633,1.4756842167915336,,
VZ,Train Set,RMSE,,,,,0.6764613150964894,0.5813763720570985
VZ,Train Set,MAE,,,,,0.5117412435597387,0.4282094457466613
VZ,Train Set,R2,,,,,0.9311760209434871,0.9491643241825336
VZ,Train Set,MAPE,,,,,1.0444620930471733,0.8748017498706031
VZ,Test Set,RMSE,,,,,0.7268589717818292,2.2177407184227227
VZ,Test Set,MAE,,,,,0.5721410751342777,2.0810565948486324
VZ,Test Set,R2,,,,,0.5935624787590849,-2.7836854411953746
VZ,Test Set,MAPE,,,,,1.4430686532324821,5.212554363522452
XPEV,Train Set,RMSE,1.1750727297286077,0.8195046462718966,,,,
XPEV,Train Set,MAE,0.8497619159115949,0.6413212010425884,,,,
XPEV,Train Set,R2,0.98533208693388,0.9928658592626566,,,,
XPEV,Train Set,MAPE,2.6116905125727827,2.064160947751835,,,,
XPEV,Test Set,RMSE,1.8858907012261574,9.014633422872372,,,,
XPEV,Test Set,MAE,1.6912949085235591,8.346346855163574,,,,
XPEV,Test Set,R2,-1.0624222934352434,-46.12384275482806,,,,
XPEV,Test Set,MAPE,11.330214777187745,57.52365758400193,,,,
XPEV,Train Set,RMSE,,,1.9670287800741002,1.1471726705807128,,
XPEV,Train Set,MAE,,,1.5153024701649331,0.9125548959365619,,
XPEV,Train Set,R2,,,0.9588982549890426,0.9860203462006465,,
XPEV,Train Set,MAPE,,,4.569616378670848,2.9091324847027664,,
XPEV,Test Set,RMSE,,,3.411779128205587,3.8172151517988677,,
XPEV,Test Set,MAE,,,3.307515335083008,3.6515573501586913,,
XPEV,Test Set,R2,,,-5.750040402022132,-7.449632765558821,,
XPEV,Test Set,MAPE,,,22.207366370469877,24.937326680118648,,
XPEV,Train Set,RMSE,,,,,1.6323074548063634,1.496160268343838
XPEV,Train Set,MAE,,,,,1.2198209433720029,1.1723777601871588
XPEV,Train Set,R2,,,,,0.9716963294621063,0.9762209189452695
XPEV,Train Set,MAPE,,,,,3.8211102914793167,3.7185563056148063
XPEV,Test Set,RMSE,,,,,3.1528829601149564,4.721983188420511
XPEV,Test Set,MAE,,,,,3.054930305480957,4.489176559448242
XPEV,Test Set,R2,,,,,-4.764481568890382,-11.929848292167534
XPEV,Test Set,MAPE,,,,,20.375859221890906,30.711382396966403
ZS,Train Set,RMSE,8.782888340220454,3.2559725286283694,,,,
ZS,Train Set,MAE,6.264142191468789,2.290502463655518,,,,
ZS,Train Set,R2,0.9815401588717395,0.9974630336893943,,,,
ZS,Train Set,MAPE,2.843566348740794,1.016158238008766,,,,
ZS,Test Set,RMSE,14.931869730480125,19.39719374987133,,,,
ZS,Test Set,MAE,10.594501495361328,14.906960296630857,,,,
ZS,Test Set,R2,-0.13949261614998476,-0.9229187676342314,,,,
ZS,Test Set,MAPE,6.177861822657482,8.758418571886263,,,,
ZS,Train Set,RMSE,,,8.383502054393432,7.261031850818785,,
ZS,Train Set,MAE,,,6.203896207762469,5.2181518254021695,,
ZS,Train Set,R2,,,0.9831808444815333,0.9873831796350947,,
ZS,Train Set,MAPE,,,2.8658742203131937,2.32179361365489,,
ZS,Test Set,RMSE,,,12.07709477608397,13.450752203929207,,
ZS,Test Set,MAE,,,8.700535583496091,10.286532592773435,,
ZS,Test Set,R2,,,0.2545679188712975,0.07535234081888786,,
ZS,Test Set,MAPE,,,5.075798193935239,5.963808113037401,,
ZS,Train Set,RMSE,,,,,10.416420172345775,8.725966134180124
ZS,Train Set,MAE,,,,,7.882741918704777,6.762293435082646
ZS,Train Set,R2,,,,,0.9740348870607279,0.98177866123799
ZS,Train Set,MAPE,,,,,3.7656130357041344,3.2265987520896036
ZS,Test Set,RMSE,,,,,11.473025624686436,14.12491611880522
ZS,Test Set,MAE,,,,,7.827252960205075,11.218473815917966
ZS,Test Set,R2,,,,,0.32727269142224136,-0.019658832256080894
ZS,Test Set,MAPE,,,,,4.573280242184556,6.4730191977769085
