Stock,Model,Variant,Delta_RMSE,ModelVariant
AAPL,CNN,only_score,-0.024070915568424667,CNN | only_score
AAPL,CNN,only_score_bert,-1.7344717305671207,CNN | only_score_bert
AAPL,CNN,score_plus_topic_vader,-0.08221729218398544,CNN | score_plus_topic_vader
AAPL,CNN,score_bert_plus_topic_bert,-0.8508683986636258,CNN | score_bert_plus_topic_bert
AAPL,CNN-LSTM,only_score,-1.366860060764525,CNN-LSTM | only_score
AAPL,CNN-LSTM,only_score_bert,0.16543129030321246,CNN-LSTM | only_score_bert
AAPL,CNN-LSTM,score_plus_topic_vader,0.05268294762991177,CNN-LSTM | score_plus_topic_vader
AAPL,CNN-LSTM,score_bert_plus_topic_bert,-0.12741030373030693,CNN-LSTM | score_bert_plus_topic_bert
AAPL,LSTM,only_score,0.3641274262470571,LSTM | only_score
AAPL,LSTM,only_score_bert,-1.8415798351460135,LSTM | only_score_bert
AAPL,LSTM,score_plus_topic_vader,-0.5740351582105858,LSTM | score_plus_topic_vader
AAPL,LSTM,score_bert_plus_topic_bert,0.2094203856282424,LSTM | score_bert_plus_topic_bert
AMD,CNN,only_score,-0.45300189680674485,CNN | only_score
AMD,CNN,only_score_bert,-1.3828739040887168,CNN | only_score_bert
AMD,CNN,score_plus_topic_vader,-0.08624148992494529,CNN | score_plus_topic_vader
AMD,CNN,score_bert_plus_topic_bert,-1.132936480787082,CNN | score_bert_plus_topic_bert
AMD,CNN-LSTM,only_score,-1.2614681587542265,CNN-LSTM | only_score
AMD,CNN-LSTM,only_score_bert,-1.3348711067765962,CNN-LSTM | only_score_bert
AMD,CNN-LSTM,score_plus_topic_vader,-0.3025003293242894,CNN-LSTM | score_plus_topic_vader
AMD,CNN-LSTM,score_bert_plus_topic_bert,-0.7831433612675243,CNN-LSTM | score_bert_plus_topic_bert
AMD,LSTM,only_score,-1.1030062605061142,LSTM | only_score
AMD,LSTM,only_score_bert,0.20601398880976074,LSTM | only_score_bert
AMD,LSTM,score_plus_topic_vader,0.1465561195989844,LSTM | score_plus_topic_vader
AMD,LSTM,score_bert_plus_topic_bert,0.3638072162799668,LSTM | score_bert_plus_topic_bert
AMZN,CNN,only_score,0.13404470519334755,CNN | only_score
AMZN,CNN,only_score_bert,-0.06424891056133841,CNN | only_score_bert
AMZN,CNN,score_plus_topic_vader,0.7426214009088801,CNN | score_plus_topic_vader
AMZN,CNN,score_bert_plus_topic_bert,-0.19353637819483804,CNN | score_bert_plus_topic_bert
AMZN,CNN-LSTM,only_score,0.25799171123178066,CNN-LSTM | only_score
AMZN,CNN-LSTM,only_score_bert,-0.6476951589121738,CNN-LSTM | only_score_bert
AMZN,CNN-LSTM,score_plus_topic_vader,0.3259646217905052,CNN-LSTM | score_plus_topic_vader
AMZN,CNN-LSTM,score_bert_plus_topic_bert,-0.06717845898778396,CNN-LSTM | score_bert_plus_topic_bert
AMZN,LSTM,only_score,-0.28954313134678156,LSTM | only_score
AMZN,LSTM,only_score_bert,-0.8845212230925155,LSTM | only_score_bert
AMZN,LSTM,score_plus_topic_vader,-0.5034709629425747,LSTM | score_plus_topic_vader
AMZN,LSTM,score_bert_plus_topic_bert,-0.9328271792584246,LSTM | score_bert_plus_topic_bert
BA,CNN,only_score,-4.3365834646740975,CNN | only_score
BA,CNN,only_score_bert,0.4652939668978737,CNN | only_score_bert
BA,CNN,score_plus_topic_vader,1.996991190252066,CNN | score_plus_topic_vader
BA,CNN,score_bert_plus_topic_bert,0.7890438962266444,CNN | score_bert_plus_topic_bert
BA,CNN-LSTM,only_score,-2.560795809844068,CNN-LSTM | only_score
BA,CNN-LSTM,only_score_bert,0.31610296886168854,CNN-LSTM | only_score_bert
BA,CNN-LSTM,score_plus_topic_vader,1.0842901312605813,CNN-LSTM | score_plus_topic_vader
BA,CNN-LSTM,score_bert_plus_topic_bert,-2.4424112750553677,CNN-LSTM | score_bert_plus_topic_bert
BA,LSTM,only_score,0.5407615604824807,LSTM | only_score
BA,LSTM,only_score_bert,-0.9159291134694456,LSTM | only_score_bert
BA,LSTM,score_plus_topic_vader,-2.496002574953371,LSTM | score_plus_topic_vader
BA,LSTM,score_bert_plus_topic_bert,0.9449230167698692,LSTM | score_bert_plus_topic_bert
BX,CNN,only_score,0.9695589517376009,CNN | only_score
BX,CNN,only_score_bert,-0.5009583757187821,CNN | only_score_bert
BX,CNN,score_plus_topic_vader,0.1009027330324006,CNN | score_plus_topic_vader
BX,CNN,score_bert_plus_topic_bert,-0.4297553849208313,CNN | score_bert_plus_topic_bert
BX,CNN-LSTM,only_score,0.3736726639899697,CNN-LSTM | only_score
BX,CNN-LSTM,only_score_bert,0.5633487152271264,CNN-LSTM | only_score_bert
BX,CNN-LSTM,score_plus_topic_vader,0.14534040933843695,CNN-LSTM | score_plus_topic_vader
BX,CNN-LSTM,score_bert_plus_topic_bert,0.04531445009486568,CNN-LSTM | score_bert_plus_topic_bert
BX,LSTM,only_score,0.032993728305939385,LSTM | only_score
BX,LSTM,only_score_bert,0.8618858639125895,LSTM | only_score_bert
BX,LSTM,score_plus_topic_vader,0.06660275239570002,LSTM | score_plus_topic_vader
BX,LSTM,score_bert_plus_topic_bert,0.6594214160819858,LSTM | score_bert_plus_topic_bert
COST,CNN,only_score,-0.08995766511042014,CNN | only_score
COST,CNN,only_score_bert,-1.2936476117222018,CNN | only_score_bert
COST,CNN,score_plus_topic_vader,-3.5081770648157136,CNN | score_plus_topic_vader
COST,CNN,score_bert_plus_topic_bert,-2.4646172804103355,CNN | score_bert_plus_topic_bert
COST,CNN-LSTM,only_score,0.08435612107437507,CNN-LSTM | only_score
COST,CNN-LSTM,only_score_bert,-0.3837911199385253,CNN-LSTM | only_score_bert
COST,CNN-LSTM,score_plus_topic_vader,-0.5507922598781203,CNN-LSTM | score_plus_topic_vader
COST,CNN-LSTM,score_bert_plus_topic_bert,-1.032872110906375,CNN-LSTM | score_bert_plus_topic_bert
COST,LSTM,only_score,0.052981540800827176,LSTM | only_score
COST,LSTM,only_score_bert,-0.2934454267613269,LSTM | only_score_bert
COST,LSTM,score_plus_topic_vader,-0.6594890045855486,LSTM | score_plus_topic_vader
COST,LSTM,score_bert_plus_topic_bert,-0.6202578766382683,LSTM | score_bert_plus_topic_bert
CRM,CNN,only_score,2.186229682325246,CNN | only_score
CRM,CNN,only_score_bert,-0.7710375441030308,CNN | only_score_bert
CRM,CNN,score_plus_topic_vader,-2.291675045287022,CNN | score_plus_topic_vader
CRM,CNN,score_bert_plus_topic_bert,2.1662834346511133,CNN | score_bert_plus_topic_bert
CRM,CNN-LSTM,only_score,0.2364129292173125,CNN-LSTM | only_score
CRM,CNN-LSTM,only_score_bert,6.45876327775625,CNN-LSTM | only_score_bert
CRM,CNN-LSTM,score_plus_topic_vader,-0.5137441499674757,CNN-LSTM | score_plus_topic_vader
CRM,CNN-LSTM,score_bert_plus_topic_bert,2.099281132279472,CNN-LSTM | score_bert_plus_topic_bert
CRM,LSTM,only_score,-7.701547157281457,LSTM | only_score
CRM,LSTM,only_score_bert,0.17193179427719052,LSTM | only_score_bert
CRM,LSTM,score_plus_topic_vader,-1.586447601290021,LSTM | score_plus_topic_vader
CRM,LSTM,score_bert_plus_topic_bert,-2.3208693437132677,LSTM | score_bert_plus_topic_bert
DIS,CNN,only_score,0.48796679969926515,CNN | only_score
DIS,CNN,only_score_bert,0.17628574589278223,CNN | only_score_bert
DIS,CNN,score_plus_topic_vader,0.6719776531340074,CNN | score_plus_topic_vader
DIS,CNN,score_bert_plus_topic_bert,0.8837949870403081,CNN | score_bert_plus_topic_bert
DIS,CNN-LSTM,only_score,0.7473403757094861,CNN-LSTM | only_score
DIS,CNN-LSTM,only_score_bert,-0.07551088658812777,CNN-LSTM | only_score_bert
DIS,CNN-LSTM,score_plus_topic_vader,0.98694425817598,CNN-LSTM | score_plus_topic_vader
DIS,CNN-LSTM,score_bert_plus_topic_bert,0.5574578603759162,CNN-LSTM | score_bert_plus_topic_bert
DIS,LSTM,only_score,0.45162882595165454,LSTM | only_score
DIS,LSTM,only_score_bert,0.32649603545015804,LSTM | only_score_bert
DIS,LSTM,score_plus_topic_vader,-0.938881453295676,LSTM | score_plus_topic_vader
DIS,LSTM,score_bert_plus_topic_bert,0.020354769613955437,LSTM | score_bert_plus_topic_bert
ENPH,CNN,only_score,1.3853163795724335,CNN | only_score
ENPH,CNN,only_score_bert,1.2951072503036585,CNN | only_score_bert
ENPH,CNN,score_plus_topic_vader,1.9588496696182034,CNN | score_plus_topic_vader
ENPH,CNN,score_bert_plus_topic_bert,4.302753369892528,CNN | score_bert_plus_topic_bert
ENPH,CNN-LSTM,only_score,2.199089350971409,CNN-LSTM | only_score
ENPH,CNN-LSTM,only_score_bert,0.3215441499955851,CNN-LSTM | only_score_bert
ENPH,CNN-LSTM,score_plus_topic_vader,0.44835689203901374,CNN-LSTM | score_plus_topic_vader
ENPH,CNN-LSTM,score_bert_plus_topic_bert,-0.17396400662001277,CNN-LSTM | score_bert_plus_topic_bert
ENPH,LSTM,only_score,-0.7807806551478649,LSTM | only_score
ENPH,LSTM,only_score_bert,-0.35395109773699573,LSTM | only_score_bert
ENPH,LSTM,score_plus_topic_vader,-1.5486443341581868,LSTM | score_plus_topic_vader
ENPH,LSTM,score_bert_plus_topic_bert,-0.6770909804357856,LSTM | score_bert_plus_topic_bert
F,CNN,only_score,0.1097998814899368,CNN | only_score
F,CNN,only_score_bert,0.20613897764125533,CNN | only_score_bert
F,CNN,score_plus_topic_vader,0.2967526712255353,CNN | score_plus_topic_vader
F,CNN,score_bert_plus_topic_bert,0.2255096534974661,CNN | score_bert_plus_topic_bert
F,CNN-LSTM,only_score,-0.005353802549855846,CNN-LSTM | only_score
F,CNN-LSTM,only_score_bert,-0.03249944913657776,CNN-LSTM | only_score_bert
F,CNN-LSTM,score_plus_topic_vader,-0.1753946356761551,CNN-LSTM | score_plus_topic_vader
F,CNN-LSTM,score_bert_plus_topic_bert,-0.13501491508429153,CNN-LSTM | score_bert_plus_topic_bert
F,LSTM,only_score,0.12495458243047675,LSTM | only_score
F,LSTM,only_score_bert,0.12403731596984446,LSTM | only_score_bert
F,LSTM,score_plus_topic_vader,-0.06194838429197547,LSTM | score_plus_topic_vader
F,LSTM,score_bert_plus_topic_bert,0.11310589106697222,LSTM | score_bert_plus_topic_bert
GOOG,CNN,only_score,2.460056072925707,CNN | only_score
GOOG,CNN,only_score_bert,1.7285972885786869,CNN | only_score_bert
GOOG,CNN,score_plus_topic_vader,1.6648548311928648,CNN | score_plus_topic_vader
GOOG,CNN,score_bert_plus_topic_bert,3.9914749763094317,CNN | score_bert_plus_topic_bert
GOOG,CNN-LSTM,only_score,4.152220702990227,CNN-LSTM | only_score
GOOG,CNN-LSTM,only_score_bert,0.9055940927294852,CNN-LSTM | only_score_bert
GOOG,CNN-LSTM,score_plus_topic_vader,-5.197775761381109,CNN-LSTM | score_plus_topic_vader
GOOG,CNN-LSTM,score_bert_plus_topic_bert,2.236583991215509,CNN-LSTM | score_bert_plus_topic_bert
GOOG,LSTM,only_score,1.5966235272457419,LSTM | only_score
GOOG,LSTM,only_score_bert,-0.17685228606013403,LSTM | only_score_bert
GOOG,LSTM,score_plus_topic_vader,1.5038239409176928,LSTM | score_plus_topic_vader
GOOG,LSTM,score_bert_plus_topic_bert,-4.323208201019657,LSTM | score_bert_plus_topic_bert
INTC,CNN,only_score,-1.4719015486191742,CNN | only_score
INTC,CNN,only_score_bert,-3.0851301410609,CNN | only_score_bert
INTC,CNN,score_plus_topic_vader,-0.5647763503018279,CNN | score_plus_topic_vader
INTC,CNN,score_bert_plus_topic_bert,0.6382250103866925,CNN | score_bert_plus_topic_bert
INTC,CNN-LSTM,only_score,0.8480458319761413,CNN-LSTM | only_score
INTC,CNN-LSTM,only_score_bert,-0.44065755747831625,CNN-LSTM | only_score_bert
INTC,CNN-LSTM,score_plus_topic_vader,2.491722915706833,CNN-LSTM | score_plus_topic_vader
INTC,CNN-LSTM,score_bert_plus_topic_bert,1.1887590260244858,CNN-LSTM | score_bert_plus_topic_bert
INTC,LSTM,only_score,-1.5820297341633005,LSTM | only_score
INTC,LSTM,only_score_bert,0.015991256866805914,LSTM | only_score_bert
INTC,LSTM,score_plus_topic_vader,-0.19299094611524614,LSTM | score_plus_topic_vader
INTC,LSTM,score_bert_plus_topic_bert,-0.055437029027572526,LSTM | score_bert_plus_topic_bert
KO,CNN,only_score,-0.3341624640787957,CNN | only_score
KO,CNN,only_score_bert,-0.24392455043071726,CNN | only_score_bert
KO,CNN,score_plus_topic_vader,-0.4753346783605239,CNN | score_plus_topic_vader
KO,CNN,score_bert_plus_topic_bert,-0.03981277149399842,CNN | score_bert_plus_topic_bert
KO,CNN-LSTM,only_score,-0.1855891198487215,CNN-LSTM | only_score
KO,CNN-LSTM,only_score_bert,-0.0748128451893515,CNN-LSTM | only_score_bert
KO,CNN-LSTM,score_plus_topic_vader,-0.3044154241123459,CNN-LSTM | score_plus_topic_vader
KO,CNN-LSTM,score_bert_plus_topic_bert,0.02357037480875157,CNN-LSTM | score_bert_plus_topic_bert
KO,LSTM,only_score,-0.5422939774066757,LSTM | only_score
KO,LSTM,only_score_bert,-0.1035309914445901,LSTM | only_score_bert
KO,LSTM,score_plus_topic_vader,-0.25404411504497526,LSTM | score_plus_topic_vader
KO,LSTM,score_bert_plus_topic_bert,-0.01989526341402481,LSTM | score_bert_plus_topic_bert
META,CNN,only_score,-7.403246060152728,CNN | only_score
META,CNN,only_score_bert,-1.6343434213515344,CNN | only_score_bert
META,CNN,score_plus_topic_vader,-3.528094790075823,CNN | score_plus_topic_vader
META,CNN,score_bert_plus_topic_bert,-1.0971577721708528,CNN | score_bert_plus_topic_bert
META,CNN-LSTM,only_score,-2.6918031800192797,CNN-LSTM | only_score
META,CNN-LSTM,only_score_bert,-1.1382618687492805,CNN-LSTM | only_score_bert
META,CNN-LSTM,score_plus_topic_vader,-3.680315368640146,CNN-LSTM | score_plus_topic_vader
META,CNN-LSTM,score_bert_plus_topic_bert,-2.250646248804614,CNN-LSTM | score_bert_plus_topic_bert
META,LSTM,only_score,-6.804189129362955,LSTM | only_score
META,LSTM,only_score_bert,-1.8264983594720245,LSTM | only_score_bert
META,LSTM,score_plus_topic_vader,-7.369892568569732,LSTM | score_plus_topic_vader
META,LSTM,score_bert_plus_topic_bert,-6.5485647170954575,LSTM | score_bert_plus_topic_bert
MSFT,CNN,only_score,2.7187564424335857,CNN | only_score
MSFT,CNN,only_score_bert,4.531396733015072,CNN | only_score_bert
MSFT,CNN,score_plus_topic_vader,3.748788841805645,CNN | score_plus_topic_vader
MSFT,CNN,score_bert_plus_topic_bert,0.9570437600500217,CNN | score_bert_plus_topic_bert
MSFT,CNN-LSTM,only_score,-3.8135030961947898,CNN-LSTM | only_score
MSFT,CNN-LSTM,only_score_bert,5.889814196057826,CNN-LSTM | only_score_bert
MSFT,CNN-LSTM,score_plus_topic_vader,-3.1045678294817254,CNN-LSTM | score_plus_topic_vader
MSFT,CNN-LSTM,score_bert_plus_topic_bert,3.7707612709148677,CNN-LSTM | score_bert_plus_topic_bert
MSFT,LSTM,only_score,3.783853329394635,LSTM | only_score
MSFT,LSTM,only_score_bert,2.007101321793389,LSTM | only_score_bert
MSFT,LSTM,score_plus_topic_vader,3.366425833460526,LSTM | score_plus_topic_vader
MSFT,LSTM,score_bert_plus_topic_bert,3.5377510597525417,LSTM | score_bert_plus_topic_bert
NFLX,CNN,only_score,-0.688356071559987,CNN | only_score
NFLX,CNN,only_score_bert,1.6054407604645,CNN | only_score_bert
NFLX,CNN,score_plus_topic_vader,-5.0131554798296065,CNN | score_plus_topic_vader
NFLX,CNN,score_bert_plus_topic_bert,0.9917223558586343,CNN | score_bert_plus_topic_bert
NFLX,CNN-LSTM,only_score,-3.1950995514890543,CNN-LSTM | only_score
NFLX,CNN-LSTM,only_score_bert,-4.192952460834899,CNN-LSTM | only_score_bert
NFLX,CNN-LSTM,score_plus_topic_vader,-7.603389354557558,CNN-LSTM | score_plus_topic_vader
NFLX,CNN-LSTM,score_bert_plus_topic_bert,-0.8661142136366102,CNN-LSTM | score_bert_plus_topic_bert
NFLX,LSTM,only_score,0.018433748466636146,LSTM | only_score
NFLX,LSTM,only_score_bert,-0.11226333352216677,LSTM | only_score_bert
NFLX,LSTM,score_plus_topic_vader,-2.57189021667147,LSTM | score_plus_topic_vader
NFLX,LSTM,score_bert_plus_topic_bert,-0.8692973612403829,LSTM | score_bert_plus_topic_bert
NIO,CNN,only_score,0.18765619211380113,CNN | only_score
NIO,CNN,only_score_bert,0.06996613664907292,CNN | only_score_bert
NIO,CNN,score_plus_topic_vader,-0.3241231432178515,CNN | score_plus_topic_vader
NIO,CNN,score_bert_plus_topic_bert,-0.3999221332163345,CNN | score_bert_plus_topic_bert
NIO,CNN-LSTM,only_score,-0.19114573765351417,CNN-LSTM | only_score
NIO,CNN-LSTM,only_score_bert,-0.06726318558739885,CNN-LSTM | only_score_bert
NIO,CNN-LSTM,score_plus_topic_vader,-0.35365626880249956,CNN-LSTM | score_plus_topic_vader
NIO,CNN-LSTM,score_bert_plus_topic_bert,-0.17320367931089686,CNN-LSTM | score_bert_plus_topic_bert
NIO,LSTM,only_score,-0.0538278932548617,LSTM | only_score
NIO,LSTM,only_score_bert,-0.0583627673323579,LSTM | only_score_bert
NIO,LSTM,score_plus_topic_vader,-0.25026157453378994,LSTM | score_plus_topic_vader
NIO,LSTM,score_bert_plus_topic_bert,-0.34999682596675696,LSTM | score_bert_plus_topic_bert
NOC,CNN,only_score,1.5385799907171105,CNN | only_score
NOC,CNN,only_score_bert,-1.356628248835225,CNN | only_score_bert
NOC,CNN,score_plus_topic_vader,4.144416534516395,CNN | score_plus_topic_vader
NOC,CNN,score_bert_plus_topic_bert,0.32173594571555064,CNN | score_bert_plus_topic_bert
NOC,CNN-LSTM,only_score,3.0757219892051904,CNN-LSTM | only_score
NOC,CNN-LSTM,only_score_bert,3.3574490210928296,CNN-LSTM | only_score_bert
NOC,CNN-LSTM,score_plus_topic_vader,3.9702962386261262,CNN-LSTM | score_plus_topic_vader
NOC,CNN-LSTM,score_bert_plus_topic_bert,3.421484332333133,CNN-LSTM | score_bert_plus_topic_bert
NOC,LSTM,only_score,0.8481830776488604,LSTM | only_score
NOC,LSTM,only_score_bert,0.9368381404850759,LSTM | only_score_bert
NOC,LSTM,score_plus_topic_vader,0.6109872641339429,LSTM | score_plus_topic_vader
NOC,LSTM,score_bert_plus_topic_bert,0.8864696053861678,LSTM | score_bert_plus_topic_bert
PG,CNN,only_score,-0.11926474698720524,CNN | only_score
PG,CNN,only_score_bert,0.27015053177104686,CNN | only_score_bert
PG,CNN,score_plus_topic_vader,-0.731134166431548,CNN | score_plus_topic_vader
PG,CNN,score_bert_plus_topic_bert,-0.6540963697736335,CNN | score_bert_plus_topic_bert
PG,CNN-LSTM,only_score,-0.5310098067685167,CNN-LSTM | only_score
PG,CNN-LSTM,only_score_bert,-0.4355755466565887,CNN-LSTM | only_score_bert
PG,CNN-LSTM,score_plus_topic_vader,-0.41966434081532156,CNN-LSTM | score_plus_topic_vader
PG,CNN-LSTM,score_bert_plus_topic_bert,-0.9290679899125804,CNN-LSTM | score_bert_plus_topic_bert
PG,LSTM,only_score,-0.4507147121650896,LSTM | only_score
PG,LSTM,only_score_bert,0.1144405659145562,LSTM | only_score_bert
PG,LSTM,score_plus_topic_vader,0.1680040218201584,LSTM | score_plus_topic_vader
PG,LSTM,score_bert_plus_topic_bert,-0.05406041901336289,LSTM | score_bert_plus_topic_bert
PYPL,CNN,only_score,-3.8199246373582127,CNN | only_score
PYPL,CNN,only_score_bert,-4.347748620452517,CNN | only_score_bert
PYPL,CNN,score_plus_topic_vader,-1.5096124250394967,CNN | score_plus_topic_vader
PYPL,CNN,score_bert_plus_topic_bert,-3.348356450958332,CNN | score_bert_plus_topic_bert
PYPL,CNN-LSTM,only_score,-0.9144600051111156,CNN-LSTM | only_score
PYPL,CNN-LSTM,only_score_bert,-1.5042501632162737,CNN-LSTM | only_score_bert
PYPL,CNN-LSTM,score_plus_topic_vader,-0.9301057510273743,CNN-LSTM | score_plus_topic_vader
PYPL,CNN-LSTM,score_bert_plus_topic_bert,-3.044830010737185,CNN-LSTM | score_bert_plus_topic_bert
PYPL,LSTM,only_score,-0.32594719566163155,LSTM | only_score
PYPL,LSTM,only_score_bert,0.3880022231672253,LSTM | only_score_bert
PYPL,LSTM,score_plus_topic_vader,-0.27481493578268434,LSTM | score_plus_topic_vader
PYPL,LSTM,score_bert_plus_topic_bert,-0.4269652664065253,LSTM | score_bert_plus_topic_bert
TSLA,CNN,only_score,-0.05283812922134601,CNN | only_score
TSLA,CNN,only_score_bert,-3.60419680634503,CNN | only_score_bert
TSLA,CNN,score_plus_topic_vader,1.0761643547483324,CNN | score_plus_topic_vader
TSLA,CNN,score_bert_plus_topic_bert,-6.733499162901412,CNN | score_bert_plus_topic_bert
TSLA,CNN-LSTM,only_score,1.6841297358631007,CNN-LSTM | only_score
TSLA,CNN-LSTM,only_score_bert,-0.9218154997601395,CNN-LSTM | only_score_bert
TSLA,CNN-LSTM,score_plus_topic_vader,1.3398876911948108,CNN-LSTM | score_plus_topic_vader
TSLA,CNN-LSTM,score_bert_plus_topic_bert,-4.494567792115287,CNN-LSTM | score_bert_plus_topic_bert
TSLA,LSTM,only_score,1.9734389130857526,LSTM | only_score
TSLA,LSTM,only_score_bert,1.310382486878396,LSTM | only_score_bert
TSLA,LSTM,score_plus_topic_vader,1.7899699551149926,LSTM | score_plus_topic_vader
TSLA,LSTM,score_bert_plus_topic_bert,0.6930715014264663,LSTM | score_bert_plus_topic_bert
TSM,CNN,only_score,1.7210515548514964,CNN | only_score
TSM,CNN,only_score_bert,1.3225929892278936,CNN | only_score_bert
TSM,CNN,score_plus_topic_vader,1.0505107775720441,CNN | score_plus_topic_vader
TSM,CNN,score_bert_plus_topic_bert,1.4343074124951336,CNN | score_bert_plus_topic_bert
TSM,CNN-LSTM,only_score,1.4951484542363436,CNN-LSTM | only_score
TSM,CNN-LSTM,only_score_bert,0.26755107503361675,CNN-LSTM | only_score_bert
TSM,CNN-LSTM,score_plus_topic_vader,0.4838397400692811,CNN-LSTM | score_plus_topic_vader
TSM,CNN-LSTM,score_bert_plus_topic_bert,0.8533807389290131,CNN-LSTM | score_bert_plus_topic_bert
TSM,LSTM,only_score,-0.9128390111050964,LSTM | only_score
TSM,LSTM,only_score_bert,0.1575679179129139,LSTM | only_score_bert
TSM,LSTM,score_plus_topic_vader,-0.30637836333709734,LSTM | score_plus_topic_vader
TSM,LSTM,score_bert_plus_topic_bert,-0.44821050682358443,LSTM | score_bert_plus_topic_bert
VZ,CNN,only_score,0.5658757100735916,CNN | only_score
VZ,CNN,only_score_bert,0.36662260049945106,CNN | only_score_bert
VZ,CNN,score_plus_topic_vader,-0.9831583171436777,CNN | score_plus_topic_vader
VZ,CNN,score_bert_plus_topic_bert,0.5930777823310441,CNN | score_bert_plus_topic_bert
VZ,CNN-LSTM,only_score,0.224533723836418,CNN-LSTM | only_score
VZ,CNN-LSTM,only_score_bert,0.6863436933895383,CNN-LSTM | only_score_bert
VZ,CNN-LSTM,score_plus_topic_vader,0.42810758487831313,CNN-LSTM | score_plus_topic_vader
VZ,CNN-LSTM,score_bert_plus_topic_bert,0.8263779362117617,CNN-LSTM | score_bert_plus_topic_bert
VZ,LSTM,only_score,-0.017839513978044952,LSTM | only_score
VZ,LSTM,only_score_bert,-0.04682345033290769,LSTM | only_score_bert
VZ,LSTM,score_plus_topic_vader,0.026469976699074582,LSTM | score_plus_topic_vader
VZ,LSTM,score_bert_plus_topic_bert,-0.2934444575023575,LSTM | score_bert_plus_topic_bert
XPEV,CNN,only_score,0.06984332547861039,CNN | only_score
XPEV,CNN,only_score_bert,-1.6713261132296218,CNN | only_score_bert
XPEV,CNN,score_plus_topic_vader,-1.745002623717479,CNN | score_plus_topic_vader
XPEV,CNN,score_bert_plus_topic_bert,-0.005470475392319152,CNN | score_bert_plus_topic_bert
XPEV,CNN-LSTM,only_score,1.9486674032795368,CNN-LSTM | only_score
XPEV,CNN-LSTM,only_score_bert,1.3331748608930183,CNN-LSTM | only_score_bert
XPEV,CNN-LSTM,score_plus_topic_vader,0.7066693176307153,CNN-LSTM | score_plus_topic_vader
XPEV,CNN-LSTM,score_bert_plus_topic_bert,-0.3885332163613455,CNN-LSTM | score_bert_plus_topic_bert
XPEV,LSTM,only_score,0.8048594668567719,LSTM | only_score
XPEV,LSTM,only_score_bert,1.7895419148590435,LSTM | only_score_bert
XPEV,LSTM,score_plus_topic_vader,-0.2586958958407992,LSTM | score_plus_topic_vader
XPEV,LSTM,score_bert_plus_topic_bert,0.64279248638065,LSTM | score_bert_plus_topic_bert
ZS,CNN,only_score,0.15691172260331143,CNN | only_score
ZS,CNN,only_score_bert,-3.2185537315387975,CNN | only_score_bert
ZS,CNN,score_plus_topic_vader,-2.032936487427431,CNN | score_plus_topic_vader
ZS,CNN,score_bert_plus_topic_bert,-3.3228674775670797,CNN | score_bert_plus_topic_bert
ZS,CNN-LSTM,only_score,-1.1489150970681443,CNN-LSTM | only_score
ZS,CNN-LSTM,only_score_bert,-0.3035529715970373,CNN-LSTM | only_score_bert
ZS,CNN-LSTM,score_plus_topic_vader,-2.0996371383207038,CNN-LSTM | score_plus_topic_vader
ZS,CNN-LSTM,score_bert_plus_topic_bert,-1.0070457744468868,CNN-LSTM | score_bert_plus_topic_bert
ZS,LSTM,only_score,0.021393824458650457,LSTM | only_score
ZS,LSTM,only_score_bert,3.1924959221854046,LSTM | only_score_bert
ZS,LSTM,score_plus_topic_vader,2.368824911526218,LSTM | score_plus_topic_vader
ZS,LSTM,score_bert_plus_topic_bert,0.8556316271411202,LSTM | score_bert_plus_topic_bert
