Stock,Model,Variant,RMSE,MAE,R2,MAPE%,n_obs,n_test
AAPL,CNN,no_scores,4.462185718016946,3.688306427001953,-0.22537404187275722,2.409157880706096,233,20
AAPL,CNN,only_score,4.486256633585371,3.737390899658203,-0.23863007090362065,2.43973269085881,233,20
AAPL,CNN,only_score_bert,6.196657448584067,5.012693786621094,-1.363134117907943,3.280544940073355,233,20
AAPL,CNN,score_bert_plus_topic_bert,5.313054116680572,4.0041015625,-0.737248203955343,2.6154351619385814,233,20
AAPL,CNN,score_plus_topic_vader,4.544403010200932,3.521302032470703,-0.2709459164508503,2.31591971890871,233,20
AAPL,CNN-LSTM,no_scores,3.5899177384742353,2.87579345703125,0.20687363586042107,1.870306232965994,233,20
AAPL,CNN-LSTM,only_score,4.95677779923876,3.5768592834472654,-0.5120713833827009,2.33577640115885,233,20
AAPL,CNN-LSTM,only_score_bert,3.424486448171023,2.6404380798339844,0.27828738552580967,1.7117402408213467,233,20
AAPL,CNN-LSTM,score_bert_plus_topic_bert,3.7173280422045423,2.8722862243652343,0.14957666552701354,1.8662515880735802,233,20
AAPL,CNN-LSTM,score_plus_topic_vader,3.5372347908443236,2.8037010192871095,0.2299814843626019,1.8205384866949152,233,20
AAPL,LSTM,no_scores,3.644229313972287,2.9304489135742187,0.18269381236922633,1.9081968525706507,233,20
AAPL,LSTM,only_score,3.28010188772523,2.578710174560547,0.3378626891811637,1.6758349209538868,233,20
AAPL,LSTM,only_score_bert,5.4858091491183005,3.759937286376953,-0.852058845054738,2.4532569454077917,233,20
AAPL,LSTM,score_bert_plus_topic_bert,3.4348089283440446,2.6922088623046876,0.2739298899513176,1.7479354040126287,233,20
AAPL,LSTM,score_plus_topic_vader,4.218264472182873,3.518206024169922,-0.09506778448732378,2.295003211680793,233,20
AMD,CNN,no_scores,5.765471640343273,5.179015731811523,0.13656228069057297,7.0744762950200295,233,20
AMD,CNN,only_score,6.218473537150018,5.493094253540039,-0.0044513746696250855,7.270270645977872,233,20
AMD,CNN,only_score_bert,7.14834554443199,6.789991760253907,-0.327310139075891,9.148533452060214,233,20
AMD,CNN,score_bert_plus_topic_bert,6.898408121130355,5.585491943359375,-0.23611565073512653,7.8055714131068195,233,20
AMD,CNN,score_plus_topic_vader,5.851713130268219,4.489386367797851,0.11053801500138116,5.979583562497076,233,20
AMD,CNN-LSTM,no_scores,3.2681350619889544,2.619952392578125,0.7225649488306369,3.5716435855460222,233,20
AMD,CNN-LSTM,only_score,4.529603220743181,3.7986446380615235,0.4670559007409598,5.26018118751447,233,20
AMD,CNN-LSTM,only_score_bert,4.603006168765551,3.7753658294677734,0.4496430562387397,5.24932612441344,233,20
AMD,CNN-LSTM,score_bert_plus_topic_bert,4.051278423256479,3.142166519165039,0.5736703688348521,4.340957587196394,233,20
AMD,CNN-LSTM,score_plus_topic_vader,3.570635391313244,2.998974609375,0.6688289637276125,4.117696624790085,233,20
AMD,LSTM,no_scores,4.252581958870613,3.7418899536132812,0.5302500730434327,5.122714020051973,233,20
AMD,LSTM,only_score,5.3555882193767275,4.45861587524414,0.25496668768259945,6.230908325473415,233,20
AMD,LSTM,only_score_bert,4.046567970060853,3.43084602355957,0.5746611860957391,4.6708251771404194,233,20
AMD,LSTM,score_bert_plus_topic_bert,3.8887747425906465,3.287619400024414,0.6071860421763515,4.508472658134168,233,20
AMD,LSTM,score_plus_topic_vader,4.106025839271629,3.51116828918457,0.5620700046446083,4.816729209370775,233,20
AMZN,CNN,no_scores,6.175051479014909,5.132793807983398,0.09458919084968398,4.180866010328311,233,20
AMZN,CNN,only_score,6.041006773821562,5.396127700805668,0.13347089298334913,4.359362800600477,233,20
AMZN,CNN,only_score_bert,6.239300389576248,5.34172821044922,0.07565030926385963,4.316434753520343,233,20
AMZN,CNN,score_bert_plus_topic_bert,6.368587857209747,5.215995407104495,0.03694564633402453,4.29671997078688,233,20
AMZN,CNN,score_plus_topic_vader,5.432430078106029,4.429584884643559,0.29926662918857494,3.526157132506807,233,20
AMZN,CNN-LSTM,no_scores,4.757301644993578,4.096382522583012,0.4626145679833771,3.2556845164861445,233,20
AMZN,CNN-LSTM,only_score,4.499309933761797,3.8123832702636755,0.5193196918704592,3.061503893775629,233,20
AMZN,CNN-LSTM,only_score_bert,5.404996803905751,4.874945068359379,0.3063260380334636,3.938798003037375,233,20
AMZN,CNN-LSTM,score_bert_plus_topic_bert,4.824480103981362,4.059238433837894,0.4473304345083393,3.2401469574029034,233,20
AMZN,CNN-LSTM,score_plus_topic_vader,4.431337023203072,3.8489162445068397,0.5337336513841641,3.073020655557432,233,20
AMZN,LSTM,no_scores,4.0134464750718095,3.433591079711918,0.6175281638026133,2.743084058495257,233,20
AMZN,LSTM,only_score,4.302989606418591,3.622887802124027,0.5603519976897958,2.8954326046204737,233,20
AMZN,LSTM,only_score_bert,4.897967698164325,3.9691173553466834,0.43036542294608904,3.138829929971681,233,20
AMZN,LSTM,score_bert_plus_topic_bert,4.946273654330234,4.298043441772463,0.4190740319654509,3.502846200156691,233,20
AMZN,LSTM,score_plus_topic_vader,4.516917438014384,3.8666130065918005,0.5155501621901792,3.0968183446448423,233,20
BA,CNN,no_scores,6.3348448360001335,5.2650794982910165,0.6386611120866084,3.722376106004657,233,20
BA,CNN,only_score,10.671428300674231,9.622999954223634,-0.025387081129681688,6.829935921064092,233,20
BA,CNN,only_score_bert,5.86955086910226,5.232177352905274,0.6897923658185099,3.628860232937335,233,20
BA,CNN,score_bert_plus_topic_bert,5.545800939773489,4.911710739135741,0.7230691785511536,3.4476628628411805,233,20
BA,CNN,score_plus_topic_vader,4.337853645748067,3.5133312225341804,0.8305691340345348,2.4888578861602606,233,20
BA,CNN-LSTM,no_scores,5.501482756571104,4.61843376159668,0.7274775704461112,3.3006673502294928,233,20
BA,CNN-LSTM,only_score,8.062278566415172,6.910813522338867,0.41472720240350935,4.931225924339148,233,20
BA,CNN-LSTM,only_score_bert,5.185379787709415,4.262793350219727,0.7578949318694022,3.0638978541702175,233,20
BA,CNN-LSTM,score_bert_plus_topic_bert,7.9438940316264715,6.947951126098633,0.43178901657067126,4.925770934621425,233,20
BA,CNN-LSTM,score_plus_topic_vader,4.4171926253105225,3.8356082916259773,0.824314703173998,2.691838385295834,233,20
BA,LSTM,no_scores,7.144482018696388,6.090544509887696,0.5403955394439057,4.350165317781329,233,20
BA,LSTM,only_score,6.603720458213908,5.318198776245118,0.6073368903101064,3.8183110760576366,233,20
BA,LSTM,only_score_bert,8.060411132165834,6.972107315063477,0.41499829992999016,4.970713256978587,233,20
BA,LSTM,score_bert_plus_topic_bert,6.199559001926519,5.186875534057618,0.6539296955090699,3.7108094592299903,233,20
BA,LSTM,score_plus_topic_vader,9.64048459364976,8.594768142700195,0.1631637787491923,6.137374516083888,233,20
BX,CNN,no_scores,5.7571632540777795,4.886414337158202,-0.08700816211944162,5.332400595379909,233,20
BX,CNN,only_score,4.787604302340179,3.7768608093261724,0.24828673725558303,4.19325857600583,233,20
BX,CNN,only_score_bert,6.258121629796562,5.436757278442382,-0.28441010833958247,5.974397426925146,233,20
BX,CNN,score_bert_plus_topic_bert,6.186918638998611,4.888475036621093,-0.2553491281893365,5.448560276599344,233,20
BX,CNN,score_plus_topic_vader,5.656260521045379,5.019529342651368,-0.04923924024854487,5.634173350407238,233,20
BX,CNN-LSTM,no_scores,4.506709671904254,3.919553756713868,0.3339069874026793,4.401447828023125,233,20
BX,CNN-LSTM,only_score,4.133037007914284,3.7361652374267584,0.4397855539200116,4.09704725339579,233,20
BX,CNN-LSTM,only_score_bert,3.9433609566771275,3.6500473022460946,0.49002512534577536,4.018063221613128,233,20
BX,CNN-LSTM,score_bert_plus_topic_bert,4.461395221809388,3.802578735351563,0.34723462297190866,4.215297462762441,233,20
BX,CNN-LSTM,score_plus_topic_vader,4.361369262565817,3.729128265380859,0.37617692869728914,4.132944869356298,233,20
BX,LSTM,no_scores,4.3715835804139225,3.746253967285157,0.3732515223547699,4.206574898337136,233,20
BX,LSTM,only_score,4.338589852107983,3.7052574157714853,0.3826763607426761,4.1700179339762045,233,20
BX,LSTM,only_score_bert,3.509697716501333,3.044789505004882,0.5960243933313514,3.405561199999877,233,20
BX,LSTM,score_bert_plus_topic_bert,3.7121621643319367,3.2408905029296884,0.5480716401606709,3.636041049101816,233,20
BX,LSTM,score_plus_topic_vader,4.3049808280182225,3.6774040222167974,0.3922035502774084,4.151605336282041,233,20
COST,CNN,no_scores,13.664928326203727,11.065153503417964,0.5669023609330165,2.200805483294522,233,20
COST,CNN,only_score,13.754885991314147,11.6149917602539,0.5611813367422178,2.3038091154659845,233,20
COST,CNN,only_score_bert,14.958575937925929,12.530784606933588,0.4810188297086294,2.4836734998271606,233,20
COST,CNN,score_bert_plus_topic_bert,16.129545606614062,13.259820556640625,0.3965860228526431,2.596081249342249,233,20
COST,CNN,score_plus_topic_vader,17.17310539101944,13.192333984375,0.31598004692366155,2.5791985471761767,233,20
COST,CNN-LSTM,no_scores,11.814042474994583,9.76414947509765,0.6762810255082172,1.949048013156439,233,20
COST,CNN-LSTM,only_score,11.729686353920208,10.092199707031245,0.6808874393074573,2.0065497310496982,233,20
COST,CNN-LSTM,only_score_bert,12.197833594933108,10.454690551757807,0.6549067149508749,2.066489141287739,233,20
COST,CNN-LSTM,score_bert_plus_topic_bert,12.846914585900958,10.932078552246088,0.6172027815269304,2.1551033539998823,233,20
COST,CNN-LSTM,score_plus_topic_vader,12.364834734872703,10.583360290527338,0.6453926507076286,2.109036841900836,233,20
COST,LSTM,no_scores,11.38841662700473,9.626023864746088,0.6991861739356329,1.9128887931226697,233,20
COST,LSTM,only_score,11.335435086203903,9.353820800781245,0.701978573945369,1.83932079069078,233,20
COST,LSTM,only_score_bert,11.681862053766057,10.000468444824213,0.683484307229369,1.9843201047808414,233,20
COST,LSTM,score_bert_plus_topic_bert,12.008674503642998,9.887976074218745,0.66552686038327,1.9748905291011205,233,20
COST,LSTM,score_plus_topic_vader,12.047905631590279,10.147221374511712,0.6633379106766506,2.0145512346662264,233,20
CRM,CNN,no_scores,11.430024736002766,10.215069580078126,-3.799768009781415,6.728512131978228,233,20
CRM,CNN,only_score,9.24379505367752,8.423803710937502,-2.1392544782923495,5.537802679617619,233,20
CRM,CNN,only_score_bert,12.201062280105797,10.203405761718752,-4.46916712094342,6.725082082455039,233,20
CRM,CNN,score_bert_plus_topic_bert,9.263741301351653,7.959811401367186,-2.1528168525562257,5.218513952785535,233,20
CRM,CNN,score_plus_topic_vader,13.721699781289788,11.385569763183593,-5.917381571200929,7.567432655004,233,20
CRM,CNN-LSTM,no_scores,12.0744625388437,9.324124908447267,-4.35625843520499,6.217494098296621,233,20
CRM,CNN-LSTM,only_score,11.838049609626388,9.297243499755862,-4.1485652082618065,6.190625870590349,233,20
CRM,CNN-LSTM,only_score_bert,5.6156992610874505,4.658811187744139,-0.15860017579284014,3.0422430640458122,233,20
CRM,CNN-LSTM,score_bert_plus_topic_bert,9.975181406564229,8.28508987426758,-2.6556744310795852,5.487659887326659,233,20
CRM,CNN-LSTM,score_plus_topic_vader,12.588206688811177,9.467006683349608,-4.821751134709756,6.3066111039543955,233,20
CRM,LSTM,no_scores,6.347605789064696,5.2813552856445325,-0.48028657829017085,3.4932109669748,233,20
CRM,LSTM,only_score,14.049152946346153,11.208370208740233,-6.251472215612057,7.456752248083472,233,20
CRM,LSTM,only_score_bert,6.1756739947875054,5.287611389160155,-0.40118226128914913,3.4722393356793786,233,20
CRM,LSTM,score_bert_plus_topic_bert,8.668475132777964,7.395670318603514,-1.7606498228698118,4.854541116875297,233,20
CRM,LSTM,score_plus_topic_vader,7.934053390354717,6.756652069091795,-1.3126831894893503,4.443621064399382,233,20
DIS,CNN,no_scores,5.491703660922805,4.1772682189941435,0.2293966517265542,3.7765358876915163,233,20
DIS,CNN,only_score,5.00373686122354,4.241222000122066,0.3602568728172968,3.899629824046217,233,20
DIS,CNN,only_score_bert,5.3154179150300225,4.2636348724365245,0.2780759084149266,3.8970267674815138,233,20
DIS,CNN,score_bert_plus_topic_bert,4.607908673882497,3.1470417022705077,0.45746916133698756,2.847822441574494,233,20
DIS,CNN,score_plus_topic_vader,4.819726007788797,3.7608188629150376,0.40644440421094585,3.4348451969678324,233,20
DIS,CNN-LSTM,no_scores,3.415340087595625,2.6130741119384724,0.701953096060502,2.3801568795025316,233,20
DIS,CNN-LSTM,only_score,2.667999711886139,2.2908836364746064,0.8181186118664041,2.127615982422009,233,20
DIS,CNN-LSTM,only_score_bert,3.490850974183753,2.57175941467285,0.688628168340101,2.3259758981800043,233,20
DIS,CNN-LSTM,score_bert_plus_topic_bert,2.857882227219709,2.538288497924802,0.791308212611054,2.3579902775188577,233,20
DIS,CNN-LSTM,score_plus_topic_vader,2.428395829419645,1.819213485717769,0.8493199831507132,1.6594631755074734,233,20
DIS,LSTM,no_scores,3.1479837740138423,2.787736892700191,0.7467895216092979,2.604528412036662,233,20
DIS,LSTM,only_score,2.696354948062188,2.3779689788818317,0.8142320332621287,2.214377503784993,233,20
DIS,LSTM,only_score_bert,2.8214877385636843,2.483283233642574,0.7965896542580315,2.3100607736551333,233,20
DIS,LSTM,score_bert_plus_topic_bert,3.127629004399887,2.4894672393798785,0.7500534380602086,2.283131708534044,233,20
DIS,LSTM,score_plus_topic_vader,4.086865227309518,3.513217926025386,0.5732266068660379,3.353019710196451,233,20
ENPH,CNN,no_scores,22.901096906639243,18.98133239746094,-1.1822969198015865,6.3574473555797875,233,20
ENPH,CNN,only_score,21.51578052706681,18.270742797851568,-0.9262625528041766,6.098006309767694,233,20
ENPH,CNN,only_score_bert,21.605989656335584,18.507012939453126,-0.9424488810118561,6.281384258293134,233,20
ENPH,CNN,score_bert_plus_topic_bert,18.598343536746714,13.352624511718744,-0.43929495010278985,4.449838371487631,233,20
ENPH,CNN,score_plus_topic_vader,20.94224723702104,17.140806579589842,-0.824936828127073,5.725377426172758,233,20
ENPH,CNN-LSTM,no_scores,12.597203388380183,10.108782958984369,0.33968744735123124,3.376488628057582,233,20
ENPH,CNN-LSTM,only_score,10.398114037408774,8.507919311523432,0.5501057704027866,2.846100907639709,233,20
ENPH,CNN-LSTM,only_score_bert,12.275659238384598,10.120886230468745,0.3729662471178843,3.400839909937077,233,20
ENPH,CNN-LSTM,score_bert_plus_topic_bert,12.771167395000196,10.221531677246087,0.32132404081541366,3.420655831905091,233,20
ENPH,CNN-LSTM,score_plus_topic_vader,12.14884649634117,9.49892120361327,0.3858543783002043,3.1593161742999554,233,20
ENPH,LSTM,no_scores,13.282550458520506,10.497819519042963,0.2658847945725754,3.528961647594654,233,20
ENPH,LSTM,only_score,14.06333111366837,10.564585876464832,0.17704199324621217,3.525181838131844,233,20
ENPH,LSTM,only_score_bert,13.636501556257501,10.442008972167958,0.22623834549531108,3.4730156364992792,233,20
ENPH,LSTM,score_bert_plus_topic_bert,13.959641438956291,10.858476257324218,0.18913268040623232,3.6512517718563133,233,20
ENPH,LSTM,score_plus_topic_vader,14.831194792678692,11.238973999023425,0.0847208935202044,3.7248702500203916,233,20
F,CNN,no_scores,1.0281019367150073,0.8264305591583245,0.4576302488024051,6.448250442463587,233,20
F,CNN,only_score,0.9183020552250705,0.6826070308685301,0.5672927036950212,5.382532658187943,233,20
F,CNN,only_score_bert,0.8219629590737519,0.7403904914855958,0.6533209485560377,5.525388474094865,233,20
F,CNN,score_bert_plus_topic_bert,0.8025922832175412,0.7320881843566895,0.6694683396256358,5.479650596494103,233,20
F,CNN,score_plus_topic_vader,0.731349265489472,0.6793900489807124,0.7255439776772981,4.962839148229446,233,20
F,CNN-LSTM,no_scores,0.6192977671453743,0.5417667388916019,0.8032013413186143,3.93275833456804,233,20
F,CNN-LSTM,only_score,0.6246515696952302,0.5416948318481448,0.799784001642634,4.006975851585374,233,20
F,CNN-LSTM,only_score_bert,0.6517972162819521,0.5863420963287355,0.7820042090288614,4.214123476029131,233,20
F,CNN-LSTM,score_bert_plus_topic_bert,0.7543126822296659,0.6792946815490724,0.7080382723755927,4.789403685022379,233,20
F,CNN-LSTM,score_plus_topic_vader,0.7946924028215294,0.6928332805633546,0.6759431335383923,4.842131882529252,233,20
F,LSTM,no_scores,0.7615715194745623,0.6975835323333741,0.7023920732363459,4.9583962410765805,233,20
F,LSTM,only_score,0.6366169370440855,0.5508308410644533,0.7920401558881567,4.082565756369534,233,20
F,LSTM,only_score_bert,0.6375342035047178,0.5673302173614503,0.7914404482681657,4.047172171936149,233,20
F,LSTM,score_bert_plus_topic_bert,0.64846562840759,0.5533627033233646,0.7842270353520253,4.114359508714608,233,20
F,LSTM,score_plus_topic_vader,0.8235199037665377,0.7661169052124024,0.6520063605826489,5.502296511424952,233,20
GOOG,CNN,no_scores,9.243299800434361,7.320466232299802,-2.935975379612069,7.2295147793488805,233,20
GOOG,CNN,only_score,6.783243727508654,5.624448013305662,-1.1196938429005479,5.545593893409319,233,20
GOOG,CNN,only_score_bert,7.514702511855674,6.1434684753417965,-1.6014883165252685,6.057989390664916,233,20
GOOG,CNN,score_bert_plus_topic_bert,5.251824824124929,4.672466659545898,-0.2706289844123675,4.557712163340843,233,20
GOOG,CNN,score_plus_topic_vader,7.578444969241496,6.610986709594727,-1.6458090472959839,6.471930128791261,233,20
GOOG,CNN-LSTM,no_scores,8.308502672839447,6.529228591918942,-2.1801223006846184,6.465016040835062,233,20
GOOG,CNN-LSTM,only_score,4.15628196984922,3.507746887207029,0.20419199943846522,3.4405190843959925,233,20
GOOG,CNN-LSTM,only_score_bert,7.402908580109962,6.030130767822262,-1.524660974970241,5.959487011514222,233,20
GOOG,CNN-LSTM,score_bert_plus_topic_bert,6.071918681623938,5.127515792846676,-0.6984399155218,5.048289306790965,233,20
GOOG,CNN-LSTM,score_plus_topic_vader,13.506278434220556,10.163727951049802,-7.403683576507802,10.094009177028806,233,20
GOOG,LSTM,no_scores,5.383613417633068,4.477154541015623,-0.33519909164474115,4.406741430711052,233,20
GOOG,LSTM,only_score,3.7869898903873263,3.3916130065917947,0.33932695843166183,3.304550926953868,233,20
GOOG,LSTM,only_score_bert,5.560465703693202,4.81968231201172,-0.4243628152025063,4.721998209962185,233,20
GOOG,LSTM,score_bert_plus_topic_bert,9.706821618652725,8.395505142211912,-3.340626244439698,8.242300906004813,233,20
GOOG,LSTM,score_plus_topic_vader,3.8797894767153753,3.4003021240234355,0.3065508566047964,3.3293123435015817,233,20
INTC,CNN,no_scores,1.5932403180554242,1.447719192504883,0.04479084885905826,5.07111065909676,233,20
INTC,CNN,only_score,3.0651418666745984,2.896680450439453,-2.535387798778048,10.261970615803351,233,20
INTC,CNN,only_score_bert,4.678370459116325,4.502964019775391,-7.236166465255204,15.906274217533761,233,20
INTC,CNN,score_bert_plus_topic_bert,0.9550153076687317,0.8359846115112303,0.6567926625387269,2.856003752462502,233,20
INTC,CNN,score_plus_topic_vader,2.158016668357252,1.8635679244995118,-0.7524494041634886,6.385903016790981,233,20
INTC,CNN-LSTM,no_scores,3.2738972086409905,2.912164497375488,-3.033350627183677,10.43157515619481,233,20
INTC,CNN-LSTM,only_score,2.4258513766648493,2.1219198226928717,-1.2144418363805727,7.557130829215105,233,20
INTC,CNN-LSTM,only_score_bert,3.714554766119307,3.3955710411071776,-4.192176295353909,12.110431924412774,233,20
INTC,CNN-LSTM,score_bert_plus_topic_bert,2.0851381826165047,1.8470317840576171,-0.6360839362632946,6.59426330002366,233,20
INTC,CNN-LSTM,score_plus_topic_vader,0.7821742929341577,0.6410820007324209,0.7697800395517921,2.2424863339796453,233,20
INTC,LSTM,no_scores,0.6140952410567919,0.49913368225097604,0.8580918422452571,1.7148052023566043,233,20
INTC,LSTM,only_score,2.1961249752200924,1.8277907371520996,-0.8148887155786348,6.550416775097507,233,20
INTC,LSTM,only_score_bert,0.598103984189986,0.489568614959717,0.8653862913750608,1.6662037359021158,233,20
INTC,LSTM,score_bert_plus_topic_bert,0.6695322700843644,0.49908285140991265,0.831314044158864,1.7418515085644792,233,20
INTC,LSTM,score_plus_topic_vader,0.8070861871720381,0.6550398826599115,0.7548817046059492,2.299707113808697,233,20
KO,CNN,no_scores,1.1159319137494186,0.9151599884033221,0.5645700568922635,1.5659445844516755,233,20
KO,CNN,only_score,1.4500943778282143,1.2474653244018588,0.26474932385520256,2.1254169966433043,233,20
KO,CNN,only_score_bert,1.3598564641801358,1.1541870117187525,0.35340992324285636,1.975128301218832,233,20
KO,CNN,score_bert_plus_topic_bert,1.155744685243417,0.9432653427124027,0.5329464202978406,1.6090398906877301,233,20
KO,CNN,score_plus_topic_vader,1.5912665921099425,1.4265676498413125,0.11462188003701979,2.4251294856305874,233,20
KO,CNN-LSTM,no_scores,0.8248169241722324,0.6589744567871112,0.7621199494435691,1.122329017178783,233,20
KO,CNN-LSTM,only_score,1.010406044020954,0.8154821395874035,0.6430274957895815,1.3917043728128469,233,20
KO,CNN-LSTM,only_score_bert,0.8996297693615839,0.7100782394409176,0.7170103635187531,1.2009449767583624,233,20
KO,CNN-LSTM,score_bert_plus_topic_bert,0.8012465493634808,0.6248592376708988,0.775521247857992,1.0620168079369368,233,20
KO,CNN-LSTM,score_plus_topic_vader,1.1292323482845783,0.9313699722290071,0.5541287022808121,1.589541485353158,233,20
KO,LSTM,no_scores,0.8056953707584908,0.6324741363525387,0.773021546961126,1.0719959514976796,233,20
KO,LSTM,only_score,1.3479893481651666,1.1136796951293964,0.3646459305954284,1.907125068600681,233,20
KO,LSTM,only_score_bert,0.909226362203081,0.7190410614013689,0.7109407087391506,1.2272930922138667,233,20
KO,LSTM,score_bert_plus_topic_bert,0.8255906341725157,0.6721292495727542,0.7616734588547892,1.1403421399631126,233,20
KO,LSTM,score_plus_topic_vader,1.059739485803466,0.8524599075317401,0.607317879171132,1.4568302048264596,233,20
META,CNN,no_scores,12.706514648144204,11.0813232421875,-0.3913442460730301,7.61099015869531,233,20
META,CNN,only_score,20.109760708296932,16.418335723876954,-2.4849417157147276,11.469905628177683,233,20
META,CNN,only_score_bert,14.340858069495738,12.29269790649414,-0.7722785805447689,8.486937970163849,233,20
META,CNN,score_bert_plus_topic_bert,13.803672420315056,12.894267272949218,-0.641991868696032,8.733031736588002,233,20
META,CNN,score_plus_topic_vader,16.234609438220026,13.735803985595703,-1.2712524230712194,9.496734258526848,233,20
META,CNN-LSTM,no_scores,8.789555005289534,7.426509094238281,0.33424338541002285,5.136091496678361,233,20
META,CNN-LSTM,only_score,11.481358185308814,9.909194946289062,-0.13597361754003234,6.855415491468333,233,20
META,CNN-LSTM,only_score_bert,9.927816874038815,8.499497222900391,0.15064503708787713,5.858576204676309,233,20
META,CNN-LSTM,score_bert_plus_topic_bert,11.040201254094148,9.490349578857423,-0.0503540008719654,6.549712856342854,233,20
META,CNN-LSTM,score_plus_topic_vader,12.46987037392968,10.900370788574218,-0.34000244663030177,7.517082855217256,233,20
META,LSTM,no_scores,7.093190088538677,6.0476226806640625,0.5664243233733133,4.140467881420463,233,20
META,LSTM,only_score,13.897379217901632,11.687059783935547,-0.6643609973062061,8.124840479601664,233,20
META,LSTM,only_score_bert,8.919688448010701,7.665007781982422,0.3143837788188615,5.2739941969182285,233,20
META,LSTM,score_bert_plus_topic_bert,13.641754805634134,11.561460876464844,-0.6036965395773684,8.03682526349456,233,20
META,LSTM,score_plus_topic_vader,14.463082657108409,12.967448425292968,-0.8026169476807983,8.897871036917259,233,20
MSFT,CNN,no_scores,14.245011933363505,12.22701034545899,-1.262009167199087,5.023230598871333,233,20
MSFT,CNN,only_score,11.52625549092992,9.83375396728516,-0.4809664146525634,4.025905356675128,233,20
MSFT,CNN,only_score_bert,9.713615200348434,7.357446289062504,-0.0517935812565431,2.98829078577974,233,20
MSFT,CNN,score_bert_plus_topic_bert,13.287968173313484,11.864668273925785,-0.9682754895555008,4.840640370586385,233,20
MSFT,CNN,score_plus_topic_vader,10.49622309155786,8.840630340576176,-0.22810311100091774,3.589215518754327,233,20
MSFT,CNN-LSTM,no_scores,11.599398401331733,9.870171356201176,-0.49982178142135303,4.063055652995434,233,20
MSFT,CNN-LSTM,only_score,15.412901497526523,12.995879364013678,-1.6481192090534291,5.361902164389157,233,20
MSFT,CNN-LSTM,only_score_bert,5.709584205273907,4.685154724121098,0.6366060517559204,1.8867545552649876,233,20
MSFT,CNN-LSTM,score_bert_plus_topic_bert,7.828637130416865,6.852371978759767,0.31681070537677614,2.7922269065859493,233,20
MSFT,CNN-LSTM,score_plus_topic_vader,14.703966230813458,12.970890808105475,-1.4101147417676403,5.338221035097983,233,20
MSFT,LSTM,no_scores,9.717415566931708,8.553651428222661,-0.05261675224513307,3.512916932898686,233,20
MSFT,LSTM,only_score,5.933562237537073,4.760951232910161,0.6075360866401898,1.926274329257011,233,20
MSFT,LSTM,only_score_bert,7.710314245138319,6.485187530517583,0.3373062368637263,2.6496949913269887,233,20
MSFT,LSTM,score_bert_plus_topic_bert,6.179664507179166,4.978381347656255,0.5743050268705989,2.01402720123418,233,20
MSFT,LSTM,score_plus_topic_vader,6.350989733471182,5.080999755859379,0.5503738648756262,2.0596893465741744,233,20
NFLX,CNN,no_scores,17.97273641697214,12.83290634155274,-3.980599614064004,5.44151311484686,233,20
NFLX,CNN,only_score,18.661092488532127,13.431640624999995,-4.369419689797944,5.687493945014508,233,20
NFLX,CNN,only_score_bert,16.36729565650764,13.230712890625005,-3.1305423129087186,5.7266846595856835,233,20
NFLX,CNN,score_bert_plus_topic_bert,16.981014061113505,12.578974914550782,-3.446112664753187,5.414696825598468,233,20
NFLX,CNN,score_plus_topic_vader,22.985891896801746,18.191246032714844,-7.146591506894492,7.79020331899139,233,20
NFLX,CNN-LSTM,no_scores,10.70152494927976,8.557140350341793,-0.765812378801521,3.6658116844567186,233,20
NFLX,CNN-LSTM,only_score,13.896624500768814,9.638346862792968,-1.9776377768636388,4.1448366714505696,233,20
NFLX,CNN-LSTM,only_score_bert,14.894477410114659,12.65950698852539,-2.4206115714637635,5.385428645838557,233,20
NFLX,CNN-LSTM,score_bert_plus_topic_bert,11.56763916291637,8.838403320312498,-1.0632064470579108,3.780204320983112,233,20
NFLX,CNN-LSTM,score_plus_topic_vader,18.304914303837318,15.284884643554681,-4.166407051375853,6.522114918814611,233,20
NFLX,LSTM,no_scores,9.071196584774805,6.577818298339848,-0.2687684711739926,2.861667418850794,233,20
NFLX,LSTM,only_score,9.052762836308169,6.273355102539067,-0.26361713421776,2.7292154721109028,233,20
NFLX,LSTM,only_score_bert,9.183459918296972,6.498471832275395,-0.3003668513163189,2.804525364914725,233,20
NFLX,LSTM,score_bert_plus_topic_bert,9.940493946015188,8.236501312255855,-0.5235936384582955,3.5300271861121475,233,20
NFLX,LSTM,score_plus_topic_vader,11.643086801446275,8.578144836425777,-1.0902079286970805,3.695370803432855,233,20
NIO,CNN,no_scores,1.726531679975186,1.3829038619995124,0.14689346495142963,7.21113645946604,233,20
NIO,CNN,only_score,1.5388754878613848,1.3444754600524902,0.32226310347259357,7.268179783588683,233,20
NIO,CNN,only_score_bert,1.656565543326113,1.453105640411377,0.21463523468377776,7.909547149560289,233,20
NIO,CNN,score_bert_plus_topic_bert,2.1264538131915205,1.873966884613037,-0.29409474626997567,10.018777155412714,233,20
NIO,CNN,score_plus_topic_vader,2.0506548231930375,1.7780087471008308,-0.2034811525535165,9.471120916989166,233,20
NIO,CNN-LSTM,no_scores,1.169035757853086,0.9288991928100586,0.6088802413274244,4.858927149120268,233,20
NIO,CNN-LSTM,only_score,1.3601814955066003,1.1700944900512695,0.47052203617195365,6.250642593137836,233,20
NIO,CNN-LSTM,only_score_bert,1.236298943440485,1.0301324844360358,0.5625774562708328,5.355779071157546,233,20
NIO,CNN-LSTM,score_bert_plus_topic_bert,1.342239437163983,1.1400913238525399,0.4843985197612021,6.018647194573506,233,20
NIO,CNN-LSTM,score_plus_topic_vader,1.5226920266555857,1.3963374137878426,0.33644288102246644,7.478829502312692,233,20
NIO,LSTM,no_scores,1.1722581090305848,1.0071781158447273,0.6067210905949296,5.328928351620064,233,20
NIO,LSTM,only_score,1.2260860022854465,1.067802333831788,0.5697746127073338,5.633150931280643,233,20
NIO,LSTM,only_score_bert,1.2306208763629427,1.0612942695617682,0.5665862131533507,5.596991527029475,233,20
NIO,LSTM,score_bert_plus_topic_bert,1.5222549349973418,1.337844371795655,0.33682377702613076,7.00492472997921,233,20
NIO,LSTM,score_plus_topic_vader,1.4225196835643747,1.2791797637939453,0.420877105056366,6.902338544979263,233,20
NOC,CNN,no_scores,13.088655331856751,11.396798706054687,-1.9835079689394743,2.3528259903121165,233,20
NOC,CNN,only_score,11.55007534113964,10.04578247070313,-1.3233079237360985,2.079356222248097,233,20
NOC,CNN,only_score_bert,14.445283580691976,12.546864318847662,-2.634036486827763,2.5872289425766923,233,20
NOC,CNN,score_bert_plus_topic_bert,12.7669193861412,10.93841400146485,-1.8386338126055066,2.253930694015497,233,20
NOC,CNN,score_plus_topic_vader,8.944238797340356,7.997909545898443,-0.39323350728449524,1.6604355663757848,233,20
NOC,CNN-LSTM,no_scores,12.066254627975368,10.65477905273438,-1.53560798561931,2.197488122285702,233,20
NOC,CNN-LSTM,only_score,8.990532638770178,8.028118896484381,-0.40769310482920385,1.6646495617488783,233,20
NOC,CNN-LSTM,only_score_bert,8.708805606882539,7.84780883789063,-0.32085253028446403,1.6258623979819455,233,20
NOC,CNN-LSTM,score_bert_plus_topic_bert,8.644770295642235,7.914772033691412,-0.30149964850121225,1.6418309310110881,233,20
NOC,CNN-LSTM,score_plus_topic_vader,8.095958389349242,7.080082702636725,-0.1414941077438605,1.475927462694977,233,20
NOC,LSTM,no_scores,9.282856549386386,7.5747497558593695,-0.5007225826365487,1.583573126295892,233,20
NOC,LSTM,only_score,8.434673471737526,7.471621704101568,-0.23900679591656937,1.555368656140006,233,20
NOC,LSTM,only_score_bert,8.34601840890131,7.402734375000006,-0.21309780227455288,1.5366973420950092,233,20
NOC,LSTM,score_bert_plus_topic_bert,8.396386944000218,6.972303771972662,-0.22778416708733817,1.4566803504623436,233,20
NOC,LSTM,score_plus_topic_vader,8.671869285252443,7.685881042480474,-0.3096721282981403,1.6006169729436686,233,20
PG,CNN,no_scores,2.5762110939256484,1.9672977447509765,0.1841280166813587,1.4648746756952447,233,20
PG,CNN,only_score,2.6954758409128536,2.244649887084961,0.10683845752651888,1.6732955736875172,233,20
PG,CNN,only_score_bert,2.3060605621546015,1.7865940093994142,0.34626679446205233,1.319765734908546,233,20
PG,CNN,score_bert_plus_topic_bert,3.230307463699282,2.5465694427490235,-0.2827642546205906,1.8901760381066297,233,20
PG,CNN,score_plus_topic_vader,3.3073452603571964,2.7616397857666017,-0.3446776794429709,2.0576221310877907,233,20
PG,CNN-LSTM,no_scores,1.6185919203680303,1.3590389251708985,0.6779421687569421,1.0031114928994187,233,20
PG,CNN-LSTM,only_score,2.149601727136547,1.648574447631836,0.4319649523224687,1.2298501035790739,233,20
PG,CNN-LSTM,only_score_bert,2.054167467024619,1.5552776336669922,0.4812825941085812,1.1605930665210518,233,20
PG,CNN-LSTM,score_bert_plus_topic_bert,2.547659910280611,1.809260940551758,0.20211181538782363,1.3448495667647835,233,20
PG,CNN-LSTM,score_plus_topic_vader,2.038256261183352,1.5681514739990234,0.48928725274642904,1.1674126945134802,233,20
PG,LSTM,no_scores,2.390879981466799,1.9692935943603516,0.29729235372481,1.468976671376974,233,20
PG,LSTM,only_score,2.8415946936318885,2.1018985748291015,0.00737914863015543,1.5746864903580144,233,20
PG,LSTM,only_score_bert,2.2764394155522427,1.7637470245361329,0.3629532257641124,1.3168177257541662,233,20
PG,LSTM,score_bert_plus_topic_bert,2.444940400480162,1.8144344329833983,0.26515510480647764,1.3571322932531076,233,20
PG,LSTM,score_plus_topic_vader,2.2228759596466405,1.6770023345947265,0.3925793031727933,1.2530096643929118,233,20
PYPL,CNN,no_scores,4.260851164163006,3.3454841613769575,-0.19085788588072528,3.577273798773421,233,20
PYPL,CNN,only_score,8.080775801521218,6.607438278198242,-3.2832490163831975,7.058409318200997,233,20
PYPL,CNN,only_score_bert,8.608599784615523,7.039525222778323,-3.861074134429285,7.499744074254355,233,20
PYPL,CNN,score_bert_plus_topic_bert,7.6092076151213375,6.186238479614259,-2.797922308337062,6.619312885377878,233,20
PYPL,CNN,score_plus_topic_vader,5.770463589202502,4.838907623291019,-1.184180969067334,5.232833308117065,233,20
PYPL,CNN-LSTM,no_scores,2.7381250833188244,2.085440444946292,0.5082167008060019,2.23862706382369,233,20
PYPL,CNN-LSTM,only_score,3.65258508842994,2.781551742553714,0.12487942989467415,2.974504261259638,233,20
PYPL,CNN-LSTM,only_score_bert,4.242375246535098,3.5212097167968763,-0.18055267296947863,3.7605136117837565,233,20
PYPL,CNN-LSTM,score_bert_plus_topic_bert,5.7829550940560095,5.074211502075197,-1.1936475353857277,5.397959059072051,233,20
PYPL,CNN-LSTM,score_plus_topic_vader,3.6682308343461987,2.7932254791259794,0.11736626416738727,2.987268843222317,233,20
PYPL,LSTM,no_scores,3.178041286277462,2.609909439086917,0.33749939619949554,2.798689821910145,233,20
PYPL,LSTM,only_score,3.5039884819390936,2.8103267669677763,0.19463537712059298,3.001906129668109,233,20
PYPL,LSTM,only_score_bert,2.7900390631102368,2.2546035766601578,0.48939181014728883,2.4285270406553394,233,20
PYPL,LSTM,score_bert_plus_topic_bert,3.6050065526839874,2.770047760009767,0.14752956564765685,2.957376105621832,233,20
PYPL,LSTM,score_plus_topic_vader,3.4528562220601464,2.717486953735353,0.21796858794282592,2.9297444997500857,233,20
TSLA,CNN,no_scores,12.355152829194806,10.063502502441404,0.11385875592050887,3.501891075281794,233,20
TSLA,CNN,only_score,12.407990958416152,10.496141052246092,0.10626319381806937,3.6267050173329642,233,20
TSLA,CNN,only_score_bert,15.959349635539835,13.45599212646484,-0.47855364243387877,4.655718561084847,233,20
TSLA,CNN,score_bert_plus_topic_bert,19.088651992096217,14.278761291503903,-1.1152281988665163,4.943189437164759,233,20
TSLA,CNN,score_plus_topic_vader,11.278988474446473,8.461128234863278,0.2615059295100014,2.9429875864819,233,20
TSLA,CNN-LSTM,no_scores,10.706509491138792,9.485646057128903,0.33456978088624945,3.272698356020407,233,20
TSLA,CNN-LSTM,only_score,9.022379755275692,6.983093261718747,0.5274487542364188,2.4401300203329828,233,20
TSLA,CNN-LSTM,only_score_bert,11.628324990898932,9.161654663085935,0.21505174389765558,3.170794334557919,233,20
TSLA,CNN-LSTM,score_bert_plus_topic_bert,15.20107728325408,12.123693847656252,-0.3413911629256918,4.189548595373103,233,20
TSLA,CNN-LSTM,score_plus_topic_vader,9.366621799943982,7.422029113769528,0.4907011721201805,2.5981235316430253,233,20
TSLA,LSTM,no_scores,10.903527370541948,9.157141113281252,0.3098543688646278,3.193873163861036,233,20
TSLA,LSTM,only_score,8.930088457456195,7.411215209960934,0.5370669060224826,2.5806505040753525,233,20
TSLA,LSTM,only_score_bert,9.593144883663552,8.228048706054684,0.4657694567190954,2.8643219397126884,233,20
TSLA,LSTM,score_bert_plus_topic_bert,10.210455869115481,8.222760009765622,0.3948027135799703,2.854366696111712,233,20
TSLA,LSTM,score_plus_topic_vader,9.113557415426955,7.755856323242185,0.5178495517596622,2.7057194425023754,233,20
TSM,CNN,no_scores,5.77255868546362,4.464733505249024,-1.9745128116682116,5.964448052750289,233,20
TSM,CNN,only_score,4.051507130612124,3.2437957763671874,-0.4652520763892829,4.314721315766117,233,20
TSM,CNN,only_score_bert,4.449965696235727,3.5647251129150392,-0.7676344477522115,4.728518738718482,233,20
TSM,CNN,score_bert_plus_topic_bert,4.338251272968487,3.407706069946289,-0.6799971155457489,4.545183298696289,233,20
TSM,CNN,score_plus_topic_vader,4.722047907891576,3.6629684448242186,-0.990397915373018,4.896207257422909,233,20
TSM,CNN-LSTM,no_scores,4.3743106572389125,3.137821578979492,-0.7080413323000303,4.2283729335739455,233,20
TSM,CNN-LSTM,only_score,2.879162203002569,2.3885250091552734,0.26003463073774724,3.174860166814754,233,20
TSM,CNN-LSTM,only_score_bert,4.106759582205296,3.2902008056640626,-0.5054893533504463,4.398977086621074,233,20
TSM,CNN-LSTM,score_bert_plus_topic_bert,3.5209299183098994,2.9614212036132814,-0.1066082201612426,3.935584943055035,233,20
TSM,CNN-LSTM,score_plus_topic_vader,3.8904709171696314,3.3133991241455076,-0.3510875017902426,4.404202648150026,233,20
TSM,LSTM,no_scores,2.571558730538147,2.1993785858154298,0.4097010304504658,2.916184337624097,233,20
TSM,LSTM,only_score,3.4843977416432432,2.827546310424805,-0.08376364253315605,3.7711687866397137,233,20
TSM,LSTM,only_score_bert,2.413990812625233,1.8911197662353516,0.4798239457105299,2.4913672573949457,233,20
TSM,LSTM,score_bert_plus_topic_bert,3.0197692373617313,2.3463203430175783,0.18599580413126793,3.1370080254137394,233,20
TSM,LSTM,score_plus_topic_vader,2.877937093875244,2.2561691284179686,0.2606642204543539,3.0115642690122115,233,20
VZ,CNN,no_scores,1.5851542350369334,1.324235153198242,-0.933020829807409,3.2770737498847966,233,20
VZ,CNN,only_score,1.0192785249633418,0.8071287155151371,0.2007562815356162,2.02110324260788,233,20
VZ,CNN,only_score_bert,1.2185316345374824,0.9198291778564449,-0.14226560586920622,2.258621176459428,233,20
VZ,CNN,score_bert_plus_topic_bert,0.9920764527058893,0.7727746963500973,0.24284679248114593,1.919097868118575,233,20
VZ,CNN,score_plus_topic_vader,2.568312552180611,2.2283792495727535,-4.07445297061002,5.544830995065079,233,20
VZ,CNN-LSTM,no_scores,1.3555289332373615,1.1030057907104496,-0.41354964860329524,2.8098822402734305,233,20
VZ,CNN-LSTM,only_score,1.1309952094009434,0.8768733978271488,0.01595487541013141,2.233470838824695,233,20
VZ,CNN-LSTM,only_score_bert,0.6691852398478232,0.5042737960815433,0.6555024087333703,1.2539374899797773,233,20
VZ,CNN-LSTM,score_bert_plus_topic_bert,0.5291509970255998,0.47470092773437533,0.7845965173184931,1.1890698288946049,233,20
VZ,CNN-LSTM,score_plus_topic_vader,0.9274213483590483,0.711594390869141,0.3383205288730422,1.803935646746701,233,20
VZ,LSTM,no_scores,0.7723058464740281,0.6055648803710941,0.541148529016606,1.5258789053840083,233,20
VZ,LSTM,only_score,0.7901453604520731,0.5999450683593753,0.5197056564151962,1.515468445483265,233,20
VZ,LSTM,only_score_bert,0.8191292968069358,0.6434595108032231,0.48382329446117567,1.6306962372809313,233,20
VZ,LSTM,score_bert_plus_topic_bert,1.0657503039763856,0.8258411407470707,0.12621534486957653,2.101568061660609,233,20
VZ,LSTM,score_plus_topic_vader,0.7458358697749535,0.5854141235351566,0.5720628246978062,1.480767167410962,233,20
XPEV,CNN,no_scores,2.6537890251501626,2.4708719730377195,-3.0839211052296207,16.857693438186853,233,20
XPEV,CNN,only_score,2.583945699671552,2.32721529006958,-2.8717857944569563,15.555303982523622,233,20
XPEV,CNN,only_score_bert,4.325115138379784,4.105437564849853,-9.847755868135637,28.04676262252445,233,20
XPEV,CNN,score_bert_plus_topic_bert,2.6592595005424817,2.2506159782409667,-3.100775509529276,15.306139654837644,233,20
XPEV,CNN,score_plus_topic_vader,4.3987916488676415,3.7334144592285154,-10.220477519108849,26.110477950328743,233,20
XPEV,CNN-LSTM,no_scores,4.4909078531523745,4.211839199066162,-10.695339796735013,28.919467346325057,233,20
XPEV,CNN-LSTM,only_score,2.5422404498728377,2.3885419845581053,-2.7478120679288645,16.403102118730175,233,20
XPEV,CNN-LSTM,only_score_bert,3.157732992259356,3.0842803001403807,-4.7822300390252925,20.842797877245804,233,20
XPEV,CNN-LSTM,score_bert_plus_topic_bert,4.87944106951372,4.658354663848877,-12.806535398522866,31.773772581748332,233,20
XPEV,CNN-LSTM,score_plus_topic_vader,3.7842385355216592,3.574498748779297,-7.304271966786464,24.48636499431843,233,20
XPEV,LSTM,no_scores,3.4163714672639616,3.204549694061279,-5.768224074161806,21.99541243525757,233,20
XPEV,LSTM,only_score,2.6115120004071897,2.4030344486236572,-2.954837175620382,16.49820647387439,233,20
XPEV,LSTM,only_score_bert,1.6268295524049181,1.4708172798156738,-0.5347182667870758,9.800979576745302,233,20
XPEV,LSTM,score_bert_plus_topic_bert,2.7735789808833116,2.671392297744751,-3.4609322867170746,18.041474192555693,233,20
XPEV,LSTM,score_plus_topic_vader,3.675067363104761,3.4513307571411134,-6.832044821739092,23.603275105454475,233,20
ZS,CNN,no_scores,17.488626672695887,12.711148834228513,-0.5631280073533882,7.444861974823751,233,20
ZS,CNN,only_score,17.331714950092575,13.710871887207029,-0.5352043983366137,8.054885947217503,233,20
ZS,CNN,only_score_bert,20.707180404234684,17.8689582824707,-1.1914171943142318,10.471050043274555,233,20
ZS,CNN,score_bert_plus_topic_bert,20.811494150262966,15.623231506347654,-1.2135516146442642,9.143806186575555,233,20
ZS,CNN,score_plus_topic_vader,19.521563160123318,14.56633605957031,-0.947656259573507,8.483464349737108,233,20
ZS,CNN-LSTM,no_scores,12.55897589766892,8.840494537353512,0.1938950564769354,5.123320894635111,233,20
ZS,CNN-LSTM,only_score,13.707890994737065,9.981013488769529,0.03966133415495854,5.78882949783654,233,20
ZS,CNN-LSTM,only_score_bert,12.862528869265958,8.697029876708982,0.1544566940869706,5.0457993366403535,233,20
ZS,CNN-LSTM,score_bert_plus_topic_bert,13.566021672115808,9.538171386718748,0.059436451589114925,5.5004341678454525,233,20
ZS,CNN-LSTM,score_plus_topic_vader,14.658613035989625,11.068759155273435,-0.09816826990030791,6.350383171322413,233,20
ZS,LSTM,no_scores,13.24220412303092,9.643544769287107,0.10380258539472098,5.548446518989173,233,20
ZS,LSTM,only_score,13.22081029857227,9.087565612792966,0.10669600135043578,5.239580262773728,233,20
ZS,LSTM,only_score_bert,10.049708200845515,6.670427703857419,0.483833238854282,3.90466964088514,233,20
ZS,LSTM,score_bert_plus_topic_bert,12.3865724958898,8.481571960449216,0.2158747694695694,4.910759604843183,233,20
ZS,LSTM,score_plus_topic_vader,10.873379211504702,7.782777404785153,0.3957562048859853,4.635225301890358,233,20
